timestamp,type,sport,match,league,market,edge_pct,confidence,suggested_stake,details
2026-04-15 21:45 UTC,ARBITRAGE,soccer,Inter Milan vs Cagliari,Serie A - Italy,h2h,2.606,SURE,26.06,"{""Cagliari"": {""bookmaker"": ""Coolbet"", ""odds"": 16.25, ""stake_pct"": 6.32, ""stake_amount"": 63.19}, ""Draw"": {""bookmaker"": ""Matchbook"", ""odds"": 8.0, ""stake_pct"": 12.83, ""stake_amount"": 128.34}, ""Inter Milan"": {""bookmaker"": ""1xBet"", ""odds"": 1.27, ""stake_pct"": 80.85, ""stake_amount"": 808.47}}"
2026-04-15 21:45 UTC,ARBITRAGE,soccer,Aston Villa vs Bologna,UEFA Europa League,h2h,1.874,SURE,18.74,"{""Aston Villa"": {""bookmaker"": ""Betfred (UK)"", ""odds"": 1.67, ""stake_pct"": 61.02, ""stake_amount"": 610.24}, ""Bologna"": {""bookmaker"": ""Smarkets"", ""odds"": 6.6, ""stake_pct"": 15.44, ""stake_amount"": 154.41}, ""Draw"": {""bookmaker"": ""1xBet"", ""odds"": 4.33, ""stake_pct"": 23.54, ""stake_amount"": 235.36}}"
2026-04-15 21:45 UTC,ARBITRAGE,soccer,VfB Stuttgart vs Werder Bremen,Bundesliga - Germany,h2h,1.418,SURE,14.18,"{""Werder Bremen"": {""bookmaker"": ""BetOnline.ag"", ""odds"": 6.5, ""stake_pct"": 15.61, ""stake_amount"": 156.06}, ""VfB Stuttgart"": {""bookmaker"": ""1xBet"", ""odds"": 1.64, ""stake_pct"": 61.85, ""stake_amount"": 618.52}, ""Draw"": {""bookmaker"": ""Unibet (NL)"", ""odds"": 4.5, ""stake_pct"": 22.54, ""stake_amount"": 225.42}}"
2026-04-15 21:45 UTC,ARBITRAGE,soccer,Barcelona vs Celta Vigo,La Liga - Spain,h2h,1.385,SURE,13.85,"{""Celta Vigo"": {""bookmaker"": ""Unibet (SE)"", ""odds"": 10.5, ""stake_pct"": 9.66, ""stake_amount"": 96.58}, ""Barcelona"": {""bookmaker"": ""1xBet"", ""odds"": 1.32, ""stake_pct"": 76.82, ""stake_amount"": 768.22}, ""Draw"": {""bookmaker"": ""BetOnline.ag"", ""odds"": 7.5, ""stake_pct"": 13.52, ""stake_amount"": 135.21}}"
2026-04-15 21:45 UTC,ARBITRAGE,soccer,Crystal Palace vs West Ham United,EPL,h2h,1.065,SURE,10.65,"{""West Ham United"": {""bookmaker"": ""1xBet"", ""odds"": 3.58, ""stake_pct"": 28.23, ""stake_amount"": 282.34}, ""Crystal Palace"": {""bookmaker"": ""Nordic Bet"", ""odds"": 2.38, ""stake_pct"": 42.47, ""stake_amount"": 424.69}, ""Draw"": {""bookmaker"": ""Betfair"", ""odds"": 3.45, ""stake_pct"": 29.3, ""stake_amount"": 292.97}}"
2026-04-15 21:45 UTC,ARBITRAGE,soccer,Fiorentina vs Sassuolo,Serie A - Italy,h2h,1.049,SURE,10.49,"{""Sassuolo"": {""bookmaker"": ""BetOnline.ag"", ""odds"": 4.7, ""stake_pct"": 21.5, ""stake_amount"": 215.02}, ""Draw"": {""bookmaker"": ""Unibet (SE)"", ""odds"": 3.55, ""stake_pct"": 28.47, ""stake_amount"": 284.68}, ""Fiorentina"": {""bookmaker"": ""Nordic Bet"", ""odds"": 2.02, ""stake_pct"": 50.03, ""stake_amount"": 500.3}}"
2026-04-15 21:45 UTC,ARBITRAGE,soccer,Hellas Verona vs AC Milan,Serie A - Italy,h2h,0.954,SURE,9.54,"{""AC Milan"": {""bookmaker"": ""GTbets"", ""odds"": 1.65, ""stake_pct"": 61.19, ""stake_amount"": 611.9}, ""Hellas Verona"": {""bookmaker"": ""Smarkets"", ""odds"": 7.0, ""stake_pct"": 14.42, ""stake_amount"": 144.23}, ""Draw"": {""bookmaker"": ""1xBet"", ""odds"": 4.14, ""stake_pct"": 24.39, ""stake_amount"": 243.87}}"
2026-04-15 21:45 UTC,ARBITRAGE,soccer,Napoli vs Lazio,Serie A - Italy,h2h,0.88,SURE,8.8,"{""Napoli"": {""bookmaker"": ""GTbets"", ""odds"": 1.65, ""stake_pct"": 61.14, ""stake_amount"": 611.44}, ""Lazio"": {""bookmaker"": ""Smarkets"", ""odds"": 7.4, ""stake_pct"": 13.63, ""stake_amount"": 136.34}, ""Draw"": {""bookmaker"": ""Tipico"", ""odds"": 4.0, ""stake_pct"": 25.22, ""stake_amount"": 252.22}}"
2026-04-15 21:45 UTC,ARBITRAGE,basketball,Philadelphia 76ers vs Orlando Magic,NBA,h2h,0.747,SURE,7.47,"{""Orlando Magic"": {""bookmaker"": ""1xBet"", ""odds"": 2.12, ""stake_pct"": 47.52, ""stake_amount"": 475.25}, ""Philadelphia 76ers"": {""bookmaker"": ""Betfair"", ""odds"": 1.92, ""stake_pct"": 52.48, ""stake_amount"": 524.75}}"
2026-04-15 21:45 UTC,ARBITRAGE,soccer,AS Roma vs Atalanta BC,Serie A - Italy,h2h,0.737,SURE,7.37,"{""AS Roma"": {""bookmaker"": ""Betfair"", ""odds"": 2.5, ""stake_pct"": 40.3, ""stake_amount"": 402.97}, ""Draw"": {""bookmaker"": ""Unibet (SE)"", ""odds"": 3.4, ""stake_pct"": 29.63, ""stake_amount"": 296.3}, ""Atalanta BC"": {""bookmaker"": ""Unibet (SE)"", ""odds"": 3.35, ""stake_pct"": 30.07, ""stake_amount"": 300.73}}"
2026-04-15 21:45 UTC,ARBITRAGE,soccer,FSV Mainz 05 vs Bayern Munich,Bundesliga - Germany,h2h,0.644,SURE,6.44,"{""FSV Mainz 05"": {""bookmaker"": ""Unibet (SE)"", ""odds"": 6.5, ""stake_pct"": 15.48, ""stake_amount"": 154.84}, ""Bayern Munich"": {""bookmaker"": ""Betfair"", ""odds"": 1.52, ""stake_pct"": 66.22, ""stake_amount"": 662.16}, ""Draw"": {""bookmaker"": ""BetOnline.ag"", ""odds"": 5.5, ""stake_pct"": 18.3, ""stake_amount"": 183.0}}"
2026-04-15 21:45 UTC,ARBITRAGE,soccer,Metz vs Paris FC,Ligue 1 - France,h2h,0.644,SURE,6.44,"{""Paris FC"": {""bookmaker"": ""GTbets"", ""odds"": 2.19, ""stake_pct"": 45.96, ""stake_amount"": 459.58}, ""Metz"": {""bookmaker"": ""Unibet (SE)"", ""odds"": 3.7, ""stake_pct"": 27.2, ""stake_amount"": 272.02}, ""Draw"": {""bookmaker"": ""Coolbet"", ""odds"": 3.75, ""stake_pct"": 26.84, ""stake_amount"": 268.4}}"
2026-04-15 21:45 UTC,ARBITRAGE,soccer,Lyon vs Auxerre,Ligue 1 - France,h2h,0.639,SURE,6.39,"{""Auxerre"": {""bookmaker"": ""Betfair"", ""odds"": 5.3, ""stake_pct"": 18.99, ""stake_amount"": 189.89}, ""Draw"": {""bookmaker"": ""1xBet"", ""odds"": 4.01, ""stake_pct"": 25.1, ""stake_amount"": 250.98}, ""Lyon"": {""bookmaker"": ""Betsson"", ""odds"": 1.8, ""stake_pct"": 55.91, ""stake_amount"": 559.13}}"
2026-04-15 21:45 UTC,ARBITRAGE,soccer,Atlético Madrid vs Athletic Bilbao,La Liga - Spain,h2h,0.636,SURE,6.36,"{""Atlético Madrid"": {""bookmaker"": ""1xBet"", ""odds"": 2.51, ""stake_pct"": 40.1, ""stake_amount"": 400.95}, ""Athletic Bilbao"": {""bookmaker"": ""Unibet (NL)"", ""odds"": 3.15, ""stake_pct"": 31.95, ""stake_amount"": 319.49}, ""Draw"": {""bookmaker"": ""Unibet (NL)"", ""odds"": 3.6, ""stake_pct"": 27.96, ""stake_amount"": 279.55}}"
2026-04-15 21:45 UTC,ARBITRAGE,soccer,Leeds United vs Wolverhampton Wanderers,EPL,h2h,0.632,SURE,6.32,"{""Leeds United"": {""bookmaker"": ""1xBet"", ""odds"": 1.69, ""stake_pct"": 59.55, ""stake_amount"": 595.48}, ""Draw"": {""bookmaker"": ""BetOnline.ag"", ""odds"": 4.25, ""stake_pct"": 23.68, ""stake_amount"": 236.79}, ""Wolverhampton Wanderers"": {""bookmaker"": ""Smarkets"", ""odds"": 6.0, ""stake_pct"": 16.77, ""stake_amount"": 167.73}}"
2026-04-15 21:45 UTC,ARBITRAGE,soccer,Juventus vs Bologna,Serie A - Italy,h2h,0.557,SURE,5.57,"{""Draw"": {""bookmaker"": ""Betfair"", ""odds"": 4.8, ""stake_pct"": 20.95, ""stake_amount"": 209.5}, ""Bologna"": {""bookmaker"": ""Betfair"", ""odds"": 7.8, ""stake_pct"": 12.89, ""stake_amount"": 128.92}, ""Juventus"": {""bookmaker"": ""1xBet"", ""odds"": 1.52, ""stake_pct"": 66.16, ""stake_amount"": 661.58}}"
2026-04-15 21:45 UTC,ARBITRAGE,soccer,Bayern Munich vs VfB Stuttgart,Bundesliga - Germany,h2h,0.556,SURE,5.56,"{""VfB Stuttgart"": {""bookmaker"": ""Casumo"", ""odds"": 7.5, ""stake_pct"": 13.41, ""stake_amount"": 134.08}, ""Bayern Munich"": {""bookmaker"": ""1xBet"", ""odds"": 1.44, ""stake_pct"": 69.83, ""stake_amount"": 698.32}, ""Draw"": {""bookmaker"": ""Betfair"", ""odds"": 6.0, ""stake_pct"": 16.76, ""stake_amount"": 167.6}}"
2026-04-15 21:45 UTC,ARBITRAGE,soccer,Lecce vs Fiorentina,Serie A - Italy,h2h,0.553,SURE,5.53,"{""Draw"": {""bookmaker"": ""1xBet"", ""odds"": 3.5, ""stake_pct"": 28.73, ""stake_amount"": 287.3}, ""Fiorentina"": {""bookmaker"": ""Betfair"", ""odds"": 2.3, ""stake_pct"": 43.72, ""stake_amount"": 437.2}, ""Lecce"": {""bookmaker"": ""Unibet (SE)"", ""odds"": 3.65, ""stake_pct"": 27.55, ""stake_amount"": 275.5}}"
2026-04-15 21:45 UTC,ARBITRAGE,soccer,SC Freiburg vs 1. FC Heidenheim,Bundesliga - Germany,h2h,0.53,SURE,5.3,"{""Draw"": {""bookmaker"": ""BetOnline.ag"", ""odds"": 4.45, ""stake_pct"": 22.59, ""stake_amount"": 225.92}, ""1. FC Heidenheim"": {""bookmaker"": ""Unibet (SE)"", ""odds"": 5.4, ""stake_pct"": 18.62, ""stake_amount"": 186.17}, ""SC Freiburg"": {""bookmaker"": ""Betfair"", ""odds"": 1.71, ""stake_pct"": 58.79, ""stake_amount"": 587.91}}"
2026-04-15 21:45 UTC,ARBITRAGE,soccer,Elche CF vs Atlético Madrid,La Liga - Spain,h2h,0.509,SURE,5.09,"{""Atlético Madrid"": {""bookmaker"": ""Betfair"", ""odds"": 2.64, ""stake_pct"": 38.07, ""stake_amount"": 380.73}, ""Elche CF"": {""bookmaker"": ""Nordic Bet"", ""odds"": 2.78, ""stake_pct"": 36.16, ""stake_amount"": 361.55}, ""Draw"": {""bookmaker"": ""1xBet"", ""odds"": 3.9, ""stake_pct"": 25.77, ""stake_amount"": 257.72}}"
2026-04-15 21:45 UTC,VALUE_BET,soccer,Fiorentina vs Sassuolo,Serie A - Italy,h2h,16.11,ALTA,10.89,Sassuolo@4.7 (BetOnline.ag)
2026-04-15 21:45 UTC,VALUE_BET,hockey,Ottawa Senators vs Toronto Maple Leafs,NHL,h2h,14.83,ALTA,13.73,Toronto Maple Leafs@3.7 (LeoVegas (SE))
2026-04-15 21:45 UTC,VALUE_BET,hockey,Ottawa Senators vs Toronto Maple Leafs,NHL,h2h,14.83,ALTA,13.73,Toronto Maple Leafs@3.7 (Unibet (SE))
2026-04-15 21:45 UTC,VALUE_BET,hockey,Buffalo Sabres vs Dallas Stars,NHL,h2h,14.5,ALTA,17.68,Buffalo Sabres@3.05 (LeoVegas (SE))
2026-04-15 21:45 UTC,VALUE_BET,hockey,Buffalo Sabres vs Dallas Stars,NHL,h2h,14.5,ALTA,17.68,Buffalo Sabres@3.05 (Unibet (SE))
2026-04-15 21:45 UTC,VALUE_BET,basketball,Žalgiris vs Paris Basketball,Basketball Euroleague,h2h,13.53,ALTA,10.25,Paris Basketball@4.3 (Betsson)
2026-04-15 21:45 UTC,VALUE_BET,basketball,Žalgiris vs Paris Basketball,Basketball Euroleague,h2h,13.53,ALTA,10.25,Paris Basketball@4.3 (Nordic Bet)
2026-04-15 21:45 UTC,VALUE_BET,hockey,Florida Panthers vs Detroit Red Wings,NHL,totals,13.43,ALTA,23.48,Over 6.5@2.43 (Coolbet)
2026-04-15 21:45 UTC,VALUE_BET,hockey,Florida Panthers vs Detroit Red Wings,NHL,h2h,13.06,ALTA,15.4,Florida Panthers@3.12 (1xBet)
2026-04-15 21:45 UTC,VALUE_BET,hockey,Buffalo Sabres vs Dallas Stars,NHL,h2h,12.62,ALTA,15.77,Buffalo Sabres@3.0 (Unibet (NL))
2026-04-15 21:45 UTC,VALUE_BET,hockey,Buffalo Sabres vs Dallas Stars,NHL,h2h,12.62,ALTA,15.77,Buffalo Sabres@3.0 (Grosvenor)
2026-04-15 21:45 UTC,VALUE_BET,hockey,Buffalo Sabres vs Dallas Stars,NHL,h2h,12.62,ALTA,15.77,Buffalo Sabres@3.0 (Casumo)
2026-04-15 21:45 UTC,VALUE_BET,hockey,Florida Panthers vs Detroit Red Wings,NHL,h2h,12.34,ALTA,14.69,Florida Panthers@3.1 (LeoVegas (SE))
2026-04-15 21:45 UTC,VALUE_BET,hockey,Florida Panthers vs Detroit Red Wings,NHL,h2h,12.34,ALTA,14.69,Florida Panthers@3.1 (Unibet (SE))
2026-04-15 21:45 UTC,VALUE_BET,soccer,Fiorentina vs Sassuolo,Serie A - Italy,h2h,12.16,ALTA,8.59,Sassuolo@4.54 (1xBet)
2026-04-16 11:07 UTC,ARBITRAGE,soccer,VfB Stuttgart vs Werder Bremen,Bundesliga - Germany,h2h,1.418,SURE,14.18,"{""VfB Stuttgart"": {""bookmaker"": ""1xBet"", ""odds"": 1.64, ""stake_pct"": 61.85, ""stake_amount"": 618.52}, ""Draw"": {""bookmaker"": ""Unibet (NL)"", ""odds"": 4.5, ""stake_pct"": 22.54, ""stake_amount"": 225.42}, ""Werder Bremen"": {""bookmaker"": ""BetOnline.ag"", ""odds"": 6.5, ""stake_pct"": 15.61, ""stake_amount"": 156.06}}"
2026-04-16 11:07 UTC,ARBITRAGE,soccer,Barcelona vs Celta Vigo,La Liga - Spain,h2h,1.385,SURE,13.85,"{""Celta Vigo"": {""bookmaker"": ""Unibet (SE)"", ""odds"": 10.5, ""stake_pct"": 9.66, ""stake_amount"": 96.58}, ""Barcelona"": {""bookmaker"": ""1xBet"", ""odds"": 1.32, ""stake_pct"": 76.82, ""stake_amount"": 768.22}, ""Draw"": {""bookmaker"": ""BetOnline.ag"", ""odds"": 7.5, ""stake_pct"": 13.52, ""stake_amount"": 135.21}}"
2026-04-16 11:07 UTC,ARBITRAGE,soccer,Leeds United vs Wolverhampton Wanderers,EPL,h2h,1.222,SURE,12.22,"{""Wolverhampton Wanderers"": {""bookmaker"": ""Coolbet"", ""odds"": 6.22, ""stake_pct"": 16.28, ""stake_amount"": 162.76}, ""Leeds United"": {""bookmaker"": ""1xBet"", ""odds"": 1.69, ""stake_pct"": 59.9, ""stake_amount"": 599.04}, ""Draw"": {""bookmaker"": ""BetOnline.ag"", ""odds"": 4.25, ""stake_pct"": 23.82, ""stake_amount"": 238.2}}"
2026-04-16 11:07 UTC,ARBITRAGE,soccer,Crystal Palace vs West Ham United,EPL,h2h,1.065,SURE,10.65,"{""Draw"": {""bookmaker"": ""Betfair"", ""odds"": 3.45, ""stake_pct"": 29.3, ""stake_amount"": 292.97}, ""West Ham United"": {""bookmaker"": ""1xBet"", ""odds"": 3.58, ""stake_pct"": 28.23, ""stake_amount"": 282.34}, ""Crystal Palace"": {""bookmaker"": ""Nordic Bet"", ""odds"": 2.38, ""stake_pct"": 42.47, ""stake_amount"": 424.69}}"
2026-04-16 11:07 UTC,ARBITRAGE,soccer,Manchester United vs Brentford,EPL,h2h,1.058,SURE,10.58,"{""Manchester United"": {""bookmaker"": ""Betfair"", ""odds"": 1.89, ""stake_pct"": 53.48, ""stake_amount"": 534.76}, ""Draw"": {""bookmaker"": ""Unibet (SE)"", ""odds"": 4.2, ""stake_pct"": 24.06, ""stake_amount"": 240.64}, ""Brentford"": {""bookmaker"": ""Unibet (SE)"", ""odds"": 4.5, ""stake_pct"": 22.46, ""stake_amount"": 224.6}}"
2026-04-16 11:07 UTC,ARBITRAGE,soccer,Celta Vigo vs SC Freiburg,UEFA Europa League,h2h,1.032,SURE,10.32,"{""Celta Vigo"": {""bookmaker"": ""Matchbook"", ""odds"": 1.96, ""stake_pct"": 51.55, ""stake_amount"": 515.53}, ""Draw"": {""bookmaker"": ""Betsson"", ""odds"": 4.05, ""stake_pct"": 24.95, ""stake_amount"": 249.49}, ""SC Freiburg"": {""bookmaker"": ""Smarkets"", ""odds"": 4.3, ""stake_pct"": 23.5, ""stake_amount"": 234.98}}"
2026-04-16 11:07 UTC,ARBITRAGE,soccer,Hellas Verona vs AC Milan,Serie A - Italy,h2h,0.954,SURE,9.54,"{""Hellas Verona"": {""bookmaker"": ""Betfair"", ""odds"": 7.0, ""stake_pct"": 14.42, ""stake_amount"": 144.23}, ""AC Milan"": {""bookmaker"": ""GTbets"", ""odds"": 1.65, ""stake_pct"": 61.19, ""stake_amount"": 611.9}, ""Draw"": {""bookmaker"": ""1xBet"", ""odds"": 4.14, ""stake_pct"": 24.39, ""stake_amount"": 243.87}}"
2026-04-16 11:07 UTC,ARBITRAGE,soccer,Levante vs Sevilla,La Liga - Spain,h2h,0.906,SURE,9.06,"{""Sevilla"": {""bookmaker"": ""Betfair"", ""odds"": 3.05, ""stake_pct"": 33.09, ""stake_amount"": 330.87}, ""Levante"": {""bookmaker"": ""1xBet"", ""odds"": 2.65, ""stake_pct"": 38.08, ""stake_amount"": 380.81}, ""Draw"": {""bookmaker"": ""1xBet"", ""odds"": 3.5, ""stake_pct"": 28.83, ""stake_amount"": 288.33}}"
2026-04-16 11:07 UTC,ARBITRAGE,soccer,Napoli vs Lazio,Serie A - Italy,h2h,0.88,SURE,8.8,"{""Draw"": {""bookmaker"": ""Tipico"", ""odds"": 4.0, ""stake_pct"": 25.22, ""stake_amount"": 252.22}, ""Lazio"": {""bookmaker"": ""Betfair"", ""odds"": 7.4, ""stake_pct"": 13.63, ""stake_amount"": 136.34}, ""Napoli"": {""bookmaker"": ""GTbets"", ""odds"": 1.65, ""stake_pct"": 61.14, ""stake_amount"": 611.44}}"
2026-04-16 11:07 UTC,ARBITRAGE,soccer,SC Freiburg vs 1. FC Heidenheim,Bundesliga - Germany,h2h,0.87,SURE,8.7,"{""Draw"": {""bookmaker"": ""BetOnline.ag"", ""odds"": 4.45, ""stake_pct"": 22.67, ""stake_amount"": 226.69}, ""1. FC Heidenheim"": {""bookmaker"": ""Unibet (SE)"", ""odds"": 5.4, ""stake_pct"": 18.68, ""stake_amount"": 186.81}, ""SC Freiburg"": {""bookmaker"": ""Smarkets"", ""odds"": 1.72, ""stake_pct"": 58.65, ""stake_amount"": 586.5}}"
2026-04-16 11:07 UTC,ARBITRAGE,soccer,FSV Mainz 05 vs Bayern Munich,Bundesliga - Germany,h2h,0.834,SURE,8.34,"{""Draw"": {""bookmaker"": ""BetOnline.ag"", ""odds"": 5.5, ""stake_pct"": 18.33, ""stake_amount"": 183.35}, ""FSV Mainz 05"": {""bookmaker"": ""Unibet (SE)"", ""odds"": 6.4, ""stake_pct"": 15.76, ""stake_amount"": 157.56}, ""Bayern Munich"": {""bookmaker"": ""1xBet"", ""odds"": 1.53, ""stake_pct"": 65.91, ""stake_amount"": 659.09}}"
2026-04-16 11:07 UTC,ARBITRAGE,soccer,Paris Saint Germain vs Bayern Munich,UEFA Champions League,h2h,0.792,SURE,7.92,"{""Paris Saint Germain"": {""bookmaker"": ""1xBet"", ""odds"": 2.43, ""stake_pct"": 41.48, ""stake_amount"": 414.81}, ""Draw"": {""bookmaker"": ""Coolbet"", ""odds"": 4.2, ""stake_pct"": 24.0, ""stake_amount"": 240.0}, ""Bayern Munich"": {""bookmaker"": ""Betfair"", ""odds"": 2.92, ""stake_pct"": 34.52, ""stake_amount"": 345.2}}"
2026-04-16 11:07 UTC,ARBITRAGE,soccer,Fiorentina vs Sassuolo,Serie A - Italy,h2h,0.647,SURE,6.47,"{""Sassuolo"": {""bookmaker"": ""BetOnline.ag"", ""odds"": 4.7, ""stake_pct"": 21.42, ""stake_amount"": 214.15}, ""Draw"": {""bookmaker"": ""Unibet (SE)"", ""odds"": 3.5, ""stake_pct"": 28.76, ""stake_amount"": 287.57}, ""Fiorentina"": {""bookmaker"": ""Nordic Bet"", ""odds"": 2.02, ""stake_pct"": 49.83, ""stake_amount"": 498.27}}"
2026-04-16 11:07 UTC,ARBITRAGE,soccer,Metz vs Paris FC,Ligue 1 - France,h2h,0.644,SURE,6.44,"{""Metz"": {""bookmaker"": ""Unibet (SE)"", ""odds"": 3.7, ""stake_pct"": 27.2, ""stake_amount"": 272.02}, ""Draw"": {""bookmaker"": ""Coolbet"", ""odds"": 3.75, ""stake_pct"": 26.84, ""stake_amount"": 268.4}, ""Paris FC"": {""bookmaker"": ""GTbets"", ""odds"": 2.19, ""stake_pct"": 45.96, ""stake_amount"": 459.58}}"
2026-04-16 11:07 UTC,ARBITRAGE,soccer,Chelsea vs Manchester United,EPL,h2h,0.619,SURE,6.19,"{""Manchester United"": {""bookmaker"": ""Smarkets"", ""odds"": 3.3, ""stake_pct"": 30.49, ""stake_amount"": 304.92}, ""Draw"": {""bookmaker"": ""Betfair"", ""odds"": 3.85, ""stake_pct"": 26.14, ""stake_amount"": 261.36}, ""Chelsea"": {""bookmaker"": ""GTbets"", ""odds"": 2.32, ""stake_pct"": 43.37, ""stake_amount"": 433.72}}"
2026-04-16 11:07 UTC,ARBITRAGE,soccer,Lecce vs Fiorentina,Serie A - Italy,h2h,0.553,SURE,5.53,"{""Draw"": {""bookmaker"": ""1xBet"", ""odds"": 3.5, ""stake_pct"": 28.73, ""stake_amount"": 287.3}, ""Lecce"": {""bookmaker"": ""Unibet (SE)"", ""odds"": 3.65, ""stake_pct"": 27.55, ""stake_amount"": 275.5}, ""Fiorentina"": {""bookmaker"": ""Betfair"", ""odds"": 2.3, ""stake_pct"": 43.72, ""stake_amount"": 437.2}}"
2026-04-16 11:07 UTC,VALUE_BET,basketball,Žalgiris vs Paris Basketball,Basketball Euroleague,h2h,18.05,ALTA,13.68,Paris Basketball@4.3 (Betsson)
2026-04-16 11:07 UTC,VALUE_BET,basketball,Žalgiris vs Paris Basketball,Basketball Euroleague,h2h,18.05,ALTA,13.68,Paris Basketball@4.3 (Nordic Bet)
2026-04-16 11:07 UTC,VALUE_BET,soccer,Fiorentina vs Sassuolo,Serie A - Italy,h2h,15.69,ALTA,10.6,Sassuolo@4.7 (BetOnline.ag)
2026-04-16 11:07 UTC,VALUE_BET,basketball,Žalgiris vs Paris Basketball,Basketball Euroleague,h2h,15.31,ALTA,11.96,Paris Basketball@4.2 (888sport)
2026-04-16 11:07 UTC,VALUE_BET,basketball,Žalgiris vs Paris Basketball,Basketball Euroleague,h2h,15.31,ALTA,11.96,Paris Basketball@4.2 (William Hill)
2026-04-16 11:07 UTC,VALUE_BET,hockey,Colorado Avalanche vs Seattle Kraken,NHL,h2h,14.47,ALTA,14.64,Seattle Kraken@3.47 (1xBet)
2026-04-16 11:07 UTC,VALUE_BET,hockey,Colorado Avalanche vs Seattle Kraken,NHL,h2h,13.81,ALTA,14.09,Seattle Kraken@3.45 (Coolbet)
2026-04-16 11:07 UTC,VALUE_BET,hockey,Colorado Avalanche vs Seattle Kraken,NHL,h2h,13.81,ALTA,14.09,Seattle Kraken@3.45 (LeoVegas (SE))
2026-04-16 11:07 UTC,VALUE_BET,hockey,Colorado Avalanche vs Seattle Kraken,NHL,h2h,13.81,ALTA,14.09,Seattle Kraken@3.45 (Unibet (SE))
2026-04-16 11:07 UTC,VALUE_BET,hockey,Colorado Avalanche vs Seattle Kraken,NHL,h2h,12.82,ALTA,13.24,Seattle Kraken@3.42 (Marathon Bet)
2026-04-16 11:07 UTC,VALUE_BET,hockey,Colorado Avalanche vs Seattle Kraken,NHL,h2h,12.16,ALTA,12.67,Seattle Kraken@3.4 (Tipico)
2026-04-16 11:07 UTC,VALUE_BET,soccer,Fiorentina vs Sassuolo,Serie A - Italy,h2h,11.76,ALTA,8.3,Sassuolo@4.54 (1xBet)
2026-04-16 11:07 UTC,VALUE_BET,hockey,Nashville Predators vs Anaheim Ducks,NHL,h2h,11.57,ALTA,19.28,Nashville Predators@2.5 (1xBet)
2026-04-16 11:07 UTC,VALUE_BET,soccer,Fiorentina vs Sassuolo,Serie A - Italy,h2h,11.26,ALTA,8.0,Sassuolo@4.52 (Pinnacle)
2026-04-16 11:07 UTC,VALUE_BET,hockey,Nashville Predators vs Anaheim Ducks,NHL,h2h,10.77,ALTA,17.95,Anaheim Ducks@2.5 (LeoVegas (SE))
2026-04-16 19:21 UTC,ARBITRAGE,basketball,ASVEL Lyon Villeurbanne vs Fenerbahce SK,Basketball Euroleague,h2h,7.588,SURE,75.88,"{""Fenerbahce SK"": {""bookmaker"": ""Pinnacle"", ""odds"": 1.23, ""stake_pct"": 87.98, ""stake_amount"": 879.77}, ""ASVEL Lyon Villeurbanne"": {""bookmaker"": ""Winamax (DE)"", ""odds"": 9.0, ""stake_pct"": 12.02, ""stake_amount"": 120.23}}"
2026-04-16 19:21 UTC,ARBITRAGE,basketball,Olympiacos vs Pallacanestro Olimpia Milano,Basketball Euroleague,h2h,6.398,SURE,63.98,"{""Pallacanestro Olimpia Milano"": {""bookmaker"": ""Betway"", ""odds"": 17.0, ""stake_pct"": 6.28, ""stake_amount"": 62.84}, ""Olympiacos"": {""bookmaker"": ""MyBookie.ag"", ""odds"": 1.14, ""stake_pct"": 93.72, ""stake_amount"": 937.16}}"
2026-04-16 19:21 UTC,ARBITRAGE,basketball,Real Madrid vs KK Crvena zvezda,Basketball Euroleague,h2h,3.256,SURE,32.56,"{""KK Crvena zvezda"": {""bookmaker"": ""Unibet (NL)"", ""odds"": 4.9, ""stake_pct"": 21.1, ""stake_amount"": 210.95}, ""Real Madrid"": {""bookmaker"": ""William Hill"", ""odds"": 1.31, ""stake_pct"": 78.9, ""stake_amount"": 789.05}}"
2026-04-16 19:21 UTC,ARBITRAGE,soccer,VfB Stuttgart vs Werder Bremen,Bundesliga - Germany,h2h,2.513,SURE,25.13,"{""VfB Stuttgart"": {""bookmaker"": ""1xBet"", ""odds"": 1.67, ""stake_pct"": 61.42, ""stake_amount"": 614.24}, ""Werder Bremen"": {""bookmaker"": ""BetOnline.ag"", ""odds"": 6.5, ""stake_pct"": 15.78, ""stake_amount"": 157.81}, ""Draw"": {""bookmaker"": ""Unibet (NL)"", ""odds"": 4.5, ""stake_pct"": 22.8, ""stake_amount"": 227.95}}"
2026-04-16 19:21 UTC,ARBITRAGE,soccer,Leeds United vs Wolverhampton Wanderers,EPL,h2h,1.948,SURE,19.48,"{""Leeds United"": {""bookmaker"": ""1xBet"", ""odds"": 1.69, ""stake_pct"": 60.35, ""stake_amount"": 603.47}, ""Wolverhampton Wanderers"": {""bookmaker"": ""Unibet (NL)"", ""odds"": 6.4, ""stake_pct"": 15.94, ""stake_amount"": 159.35}, ""Draw"": {""bookmaker"": ""Unibet (FR)"", ""odds"": 4.3, ""stake_pct"": 23.72, ""stake_amount"": 237.18}}"
2026-04-16 19:21 UTC,ARBITRAGE,soccer,FC St. Pauli vs 1. FC Köln,Bundesliga - Germany,h2h,1.317,SURE,13.17,"{""FC St. Pauli"": {""bookmaker"": ""Betfair"", ""odds"": 2.98, ""stake_pct"": 34.0, ""stake_amount"": 340.05}, ""Draw"": {""bookmaker"": ""Betfair"", ""odds"": 3.4, ""stake_pct"": 29.8, ""stake_amount"": 298.04}, ""1. FC Köln"": {""bookmaker"": ""Coolbet"", ""odds"": 2.8, ""stake_pct"": 36.19, ""stake_amount"": 361.91}}"
2026-04-16 19:21 UTC,ARBITRAGE,basketball,Phoenix Suns vs Golden State Warriors,NBA,h2h,1.213,SURE,12.13,"{""Phoenix Suns"": {""bookmaker"": ""888sport"", ""odds"": 1.73, ""stake_pct"": 58.51, ""stake_amount"": 585.13}, ""Golden State Warriors"": {""bookmaker"": ""Betfair"", ""odds"": 2.44, ""stake_pct"": 41.49, ""stake_amount"": 414.87}}"
2026-04-16 19:21 UTC,ARBITRAGE,basketball,KK Partizan NIS vs Saski Baskonia,Basketball Euroleague,h2h,1.195,SURE,11.95,"{""Saski Baskonia"": {""bookmaker"": ""Pinnacle"", ""odds"": 4.57, ""stake_pct"": 22.15, ""stake_amount"": 221.47}, ""KK Partizan NIS"": {""bookmaker"": ""Betfair"", ""odds"": 1.3, ""stake_pct"": 77.85, ""stake_amount"": 778.53}}"
2026-04-16 19:21 UTC,ARBITRAGE,soccer,Manchester United vs Brentford,EPL,h2h,1.058,SURE,10.58,"{""Manchester United"": {""bookmaker"": ""Betfair"", ""odds"": 1.89, ""stake_pct"": 53.48, ""stake_amount"": 534.76}, ""Draw"": {""bookmaker"": ""Unibet (SE)"", ""odds"": 4.2, ""stake_pct"": 24.06, ""stake_amount"": 240.64}, ""Brentford"": {""bookmaker"": ""Unibet (SE)"", ""odds"": 4.5, ""stake_pct"": 22.46, ""stake_amount"": 224.6}}"
2026-04-16 19:21 UTC,ARBITRAGE,soccer,Bayern Munich vs VfB Stuttgart,Bundesliga - Germany,h2h,1.034,SURE,10.34,"{""Bayern Munich"": {""bookmaker"": ""Betfair"", ""odds"": 1.45, ""stake_pct"": 69.69, ""stake_amount"": 696.86}, ""Draw"": {""bookmaker"": ""Unibet (SE)"", ""odds"": 6.0, ""stake_pct"": 16.84, ""stake_amount"": 168.41}, ""VfB Stuttgart"": {""bookmaker"": ""Unibet (NL)"", ""odds"": 7.5, ""stake_pct"": 13.47, ""stake_amount"": 134.73}}"
2026-04-16 19:21 UTC,ARBITRAGE,soccer,Hellas Verona vs AC Milan,Serie A - Italy,h2h,1.012,SURE,10.12,"{""Hellas Verona"": {""bookmaker"": ""Smarkets"", ""odds"": 7.0, ""stake_pct"": 14.43, ""stake_amount"": 144.32}, ""AC Milan"": {""bookmaker"": ""GTbets"", ""odds"": 1.65, ""stake_pct"": 61.23, ""stake_amount"": 612.26}, ""Draw"": {""bookmaker"": ""Nordic Bet"", ""odds"": 4.15, ""stake_pct"": 24.34, ""stake_amount"": 243.43}}"
2026-04-16 19:21 UTC,ARBITRAGE,basketball,New York Knicks vs Atlanta Hawks,NBA,h2h,0.988,SURE,9.88,"{""New York Knicks"": {""bookmaker"": ""Betfair"", ""odds"": 1.51, ""stake_pct"": 66.89, ""stake_amount"": 668.86}, ""Atlanta Hawks"": {""bookmaker"": ""1xBet"", ""odds"": 3.05, ""stake_pct"": 33.11, ""stake_amount"": 331.14}}"
2026-04-16 19:21 UTC,ARBITRAGE,soccer,Napoli vs Lazio,Serie A - Italy,h2h,0.971,SURE,9.71,"{""Lazio"": {""bookmaker"": ""Betfair"", ""odds"": 7.8, ""stake_pct"": 12.95, ""stake_amount"": 129.46}, ""Napoli"": {""bookmaker"": ""Coolbet"", ""odds"": 1.61, ""stake_pct"": 62.72, ""stake_amount"": 627.21}, ""Draw"": {""bookmaker"": ""Pinnacle"", ""odds"": 4.15, ""stake_pct"": 24.33, ""stake_amount"": 243.33}}"
2026-04-16 19:21 UTC,ARBITRAGE,soccer,SC Freiburg vs 1. FC Heidenheim,Bundesliga - Germany,h2h,0.91,SURE,9.1,"{""1. FC Heidenheim"": {""bookmaker"": ""1xBet"", ""odds"": 5.13, ""stake_pct"": 19.67, ""stake_amount"": 196.72}, ""Draw"": {""bookmaker"": ""BetOnline.ag"", ""odds"": 4.39, ""stake_pct"": 22.99, ""stake_amount"": 229.88}, ""SC Freiburg"": {""bookmaker"": ""Betfair"", ""odds"": 1.76, ""stake_pct"": 57.34, ""stake_amount"": 573.4}}"
2026-04-16 19:21 UTC,ARBITRAGE,soccer,Crystal Palace vs West Ham United,EPL,h2h,0.908,SURE,9.08,"{""Draw"": {""bookmaker"": ""Betfair"", ""odds"": 3.45, ""stake_pct"": 29.25, ""stake_amount"": 292.51}, ""Crystal Palace"": {""bookmaker"": ""Nordic Bet"", ""odds"": 2.38, ""stake_pct"": 42.4, ""stake_amount"": 424.02}, ""West Ham United"": {""bookmaker"": ""1xBet"", ""odds"": 3.56, ""stake_pct"": 28.35, ""stake_amount"": 283.47}}"
2026-04-16 19:21 UTC,ARBITRAGE,soccer,FSV Mainz 05 vs Bayern Munich,Bundesliga - Germany,h2h,0.834,SURE,8.34,"{""Bayern Munich"": {""bookmaker"": ""1xBet"", ""odds"": 1.53, ""stake_pct"": 65.91, ""stake_amount"": 659.09}, ""FSV Mainz 05"": {""bookmaker"": ""Unibet (SE)"", ""odds"": 6.4, ""stake_pct"": 15.76, ""stake_amount"": 157.56}, ""Draw"": {""bookmaker"": ""BetOnline.ag"", ""odds"": 5.5, ""stake_pct"": 18.33, ""stake_amount"": 183.35}}"
2026-04-16 19:21 UTC,ARBITRAGE,soccer,Levante vs Sevilla,La Liga - Spain,h2h,0.774,SURE,7.74,"{""Sevilla"": {""bookmaker"": ""Betfair"", ""odds"": 3.05, ""stake_pct"": 33.04, ""stake_amount"": 330.43}, ""Levante"": {""bookmaker"": ""1xBet"", ""odds"": 2.67, ""stake_pct"": 37.75, ""stake_amount"": 377.45}, ""Draw"": {""bookmaker"": ""1xBet"", ""odds"": 3.45, ""stake_pct"": 29.21, ""stake_amount"": 292.12}}"
2026-04-16 19:21 UTC,ARBITRAGE,hockey,Carolina Hurricanes vs Ottawa Senators,NHL,h2h,0.755,SURE,7.55,"{""Ottawa Senators"": {""bookmaker"": ""Nordic Bet"", ""odds"": 3.4, ""stake_pct"": 29.64, ""stake_amount"": 296.36}, ""Draw"": {""bookmaker"": ""LeoVegas (SE)"", ""odds"": 4.75, ""stake_pct"": 21.21, ""stake_amount"": 212.13}, ""Carolina Hurricanes"": {""bookmaker"": ""LeoVegas (SE)"", ""odds"": 2.05, ""stake_pct"": 49.15, ""stake_amount"": 491.52}}"
2026-04-16 19:21 UTC,ARBITRAGE,soccer,Lorient vs Marseille,Ligue 1 - France,h2h,0.712,SURE,7.12,"{""Lorient"": {""bookmaker"": ""Betfair"", ""odds"": 4.8, ""stake_pct"": 20.98, ""stake_amount"": 209.83}, ""Marseille"": {""bookmaker"": ""GTbets"", ""odds"": 1.83, ""stake_pct"": 55.04, ""stake_amount"": 550.37}, ""Draw"": {""bookmaker"": ""Betfair"", ""odds"": 4.2, ""stake_pct"": 23.98, ""stake_amount"": 239.8}}"
2026-04-16 19:21 UTC,ARBITRAGE,soccer,Eintracht Frankfurt vs RB Leipzig,Bundesliga - Germany,h2h,0.657,SURE,6.57,"{""RB Leipzig"": {""bookmaker"": ""GTbets"", ""odds"": 2.07, ""stake_pct"": 48.63, ""stake_amount"": 486.29}, ""Draw"": {""bookmaker"": ""Coolbet"", ""odds"": 4.3, ""stake_pct"": 23.41, ""stake_amount"": 234.1}, ""Eintracht Frankfurt"": {""bookmaker"": ""Betfair"", ""odds"": 3.6, ""stake_pct"": 27.96, ""stake_amount"": 279.62}}"
2026-04-16 19:21 UTC,ARBITRAGE,soccer,Fiorentina vs Sassuolo,Serie A - Italy,h2h,0.647,SURE,6.47,"{""Fiorentina"": {""bookmaker"": ""Nordic Bet"", ""odds"": 2.02, ""stake_pct"": 49.83, ""stake_amount"": 498.27}, ""Draw"": {""bookmaker"": ""Winamax (DE)"", ""odds"": 3.5, ""stake_pct"": 28.76, ""stake_amount"": 287.57}, ""Sassuolo"": {""bookmaker"": ""BetOnline.ag"", ""odds"": 4.7, ""stake_pct"": 21.42, ""stake_amount"": 214.15}}"
2026-04-16 19:21 UTC,ARBITRAGE,soccer,Metz vs Paris FC,Ligue 1 - France,h2h,0.644,SURE,6.44,"{""Draw"": {""bookmaker"": ""Coolbet"", ""odds"": 3.75, ""stake_pct"": 26.84, ""stake_amount"": 268.4}, ""Paris FC"": {""bookmaker"": ""GTbets"", ""odds"": 2.19, ""stake_pct"": 45.96, ""stake_amount"": 459.58}, ""Metz"": {""bookmaker"": ""Unibet (SE)"", ""odds"": 3.7, ""stake_pct"": 27.2, ""stake_amount"": 272.02}}"
2026-04-16 19:21 UTC,ARBITRAGE,soccer,Juventus vs Bologna,Serie A - Italy,h2h,0.63,SURE,6.3,"{""Juventus"": {""bookmaker"": ""1xBet"", ""odds"": 1.54, ""stake_pct"": 65.35, ""stake_amount"": 653.47}, ""Draw"": {""bookmaker"": ""Unibet (NL)"", ""odds"": 4.7, ""stake_pct"": 21.41, ""stake_amount"": 214.12}, ""Bologna"": {""bookmaker"": ""Matchbook"", ""odds"": 7.6, ""stake_pct"": 13.24, ""stake_amount"": 132.41}}"
2026-04-16 19:21 UTC,ARBITRAGE,soccer,West Ham United vs Everton,EPL,h2h,0.627,SURE,6.27,"{""Everton"": {""bookmaker"": ""Unibet (NL)"", ""odds"": 2.85, ""stake_pct"": 35.31, ""stake_amount"": 353.09}, ""Draw"": {""bookmaker"": ""Sky Bet"", ""odds"": 3.5, ""stake_pct"": 28.75, ""stake_amount"": 287.52}, ""West Ham United"": {""bookmaker"": ""Betfair"", ""odds"": 2.8, ""stake_pct"": 35.94, ""stake_amount"": 359.39}}"
2026-04-16 19:21 UTC,ARBITRAGE,soccer,Chelsea vs Manchester United,EPL,h2h,0.619,SURE,6.19,"{""Draw"": {""bookmaker"": ""Betfair"", ""odds"": 3.85, ""stake_pct"": 26.14, ""stake_amount"": 261.36}, ""Chelsea"": {""bookmaker"": ""GTbets"", ""odds"": 2.32, ""stake_pct"": 43.37, ""stake_amount"": 433.72}, ""Manchester United"": {""bookmaker"": ""Betfair"", ""odds"": 3.3, ""stake_pct"": 30.49, ""stake_amount"": 304.92}}"
2026-04-16 19:21 UTC,ARBITRAGE,soccer,Everton vs Liverpool,EPL,h2h,0.593,SURE,5.93,"{""Everton"": {""bookmaker"": ""Coolbet"", ""odds"": 3.4, ""stake_pct"": 29.59, ""stake_amount"": 295.87}, ""Liverpool"": {""bookmaker"": ""Betfair"", ""odds"": 2.4, ""stake_pct"": 41.92, ""stake_amount"": 419.15}, ""Draw"": {""bookmaker"": ""GTbets"", ""odds"": 3.53, ""stake_pct"": 28.5, ""stake_amount"": 284.98}}"
2026-04-16 19:21 UTC,ARBITRAGE,soccer,Sassuolo vs Como,Serie A - Italy,h2h,0.53,SURE,5.3,"{""Como"": {""bookmaker"": ""Unibet (NL)"", ""odds"": 1.72, ""stake_pct"": 58.45, ""stake_amount"": 584.5}, ""Draw"": {""bookmaker"": ""1xBet"", ""odds"": 4.32, ""stake_pct"": 23.27, ""stake_amount"": 232.72}, ""Sassuolo"": {""bookmaker"": ""Betfair"", ""odds"": 5.5, ""stake_pct"": 18.28, ""stake_amount"": 182.79}}"
2026-04-16 19:21 UTC,VALUE_BET,soccer,Fiorentina vs Sassuolo,Serie A - Italy,h2h,16.05,ALTA,10.84,Sassuolo@4.7 (BetOnline.ag)
2026-04-16 19:21 UTC,VALUE_BET,soccer,Nottingham Forest vs Porto,UEFA Europa League,h2h,15.5,ALTA,50.0,Nottingham Forest@1.37 (Betclic (FR))
2026-04-16 19:21 UTC,VALUE_BET,hockey,Carolina Hurricanes vs Ottawa Senators,NHL,h2h,15.34,ALTA,15.98,Ottawa Senators@3.4 (Nordic Bet)
2026-04-16 19:21 UTC,VALUE_BET,hockey,Carolina Hurricanes vs Ottawa Senators,NHL,h2h,15.34,ALTA,15.98,Ottawa Senators@3.4 (Betsson)
2026-04-16 19:21 UTC,VALUE_BET,hockey,Utah Mammoth vs St Louis Blues,NHL,h2h,14.18,ALTA,19.69,Utah Mammoth@2.8 (1xBet)
2026-04-16 19:21 UTC,VALUE_BET,basketball,Maccabi Tel Aviv vs Virtus Segafredo Bologna,Basketball Euroleague,h2h,12.54,ALTA,48.22,Virtus Segafredo Bologna@1.65 (MyBookie.ag)
2026-04-16 19:21 UTC,VALUE_BET,hockey,Utah Mammoth vs St Louis Blues,NHL,h2h,12.54,ALTA,17.82,Utah Mammoth@2.76 (Marathon Bet)
2026-04-16 19:21 UTC,VALUE_BET,soccer,Fiorentina vs Sassuolo,Serie A - Italy,h2h,12.1,ALTA,8.54,Sassuolo@4.54 (1xBet)
2026-04-16 19:21 UTC,VALUE_BET,hockey,Carolina Hurricanes vs Ottawa Senators,NHL,h2h,11.61,ALTA,12.67,Ottawa Senators@3.29 (1xBet)
2026-04-16 19:21 UTC,VALUE_BET,soccer,Fiorentina vs Sassuolo,Serie A - Italy,h2h,11.6,ALTA,8.24,Sassuolo@4.52 (Pinnacle)
2026-04-16 19:21 UTC,VALUE_BET,hockey,Nashville Predators vs Anaheim Ducks,NHL,h2h,11.57,ALTA,16.92,Nashville Predators@2.71 (1xBet)
2026-04-16 19:21 UTC,VALUE_BET,basketball,Maccabi Tel Aviv vs Virtus Segafredo Bologna,Basketball Euroleague,h2h,11.28,ALTA,11.28,Maccabi Tel Aviv@3.5 (Paddy Power)
2026-04-16 19:21 UTC,VALUE_BET,basketball,Maccabi Tel Aviv vs Virtus Segafredo Bologna,Basketball Euroleague,h2h,11.28,ALTA,11.28,Maccabi Tel Aviv@3.5 (Winamax (DE))
2026-04-16 19:21 UTC,VALUE_BET,basketball,Maccabi Tel Aviv vs Virtus Segafredo Bologna,Basketball Euroleague,h2h,11.28,ALTA,11.28,Maccabi Tel Aviv@3.5 (Nordic Bet)
2026-04-16 19:21 UTC,VALUE_BET,hockey,Utah Mammoth vs St Louis Blues,NHL,h2h,11.28,ALTA,21.36,St Louis Blues@2.32 (LeoVegas (SE))
2026-04-17 11:00 UTC,ARBITRAGE,soccer,Getafe vs Barcelona,La Liga - Spain,h2h,4.723,SURE,47.23,"{""Getafe"": {""bookmaker"": ""1xBet"", ""odds"": 6.55, ""stake_pct"": 16.02, ""stake_amount"": 160.24}, ""Barcelona"": {""bookmaker"": ""BetOnline.ag"", ""odds"": 1.7, ""stake_pct"": 61.74, ""stake_amount"": 617.39}, ""Draw"": {""bookmaker"": ""1xBet"", ""odds"": 4.72, ""stake_pct"": 22.24, ""stake_amount"": 222.37}}"
2026-04-17 11:00 UTC,ARBITRAGE,soccer,VfB Stuttgart vs Werder Bremen,Bundesliga - Germany,h2h,2.513,SURE,25.13,"{""VfB Stuttgart"": {""bookmaker"": ""1xBet"", ""odds"": 1.67, ""stake_pct"": 61.42, ""stake_amount"": 614.24}, ""Draw"": {""bookmaker"": ""Unibet (NL)"", ""odds"": 4.5, ""stake_pct"": 22.8, ""stake_amount"": 227.95}, ""Werder Bremen"": {""bookmaker"": ""BetOnline.ag"", ""odds"": 6.5, ""stake_pct"": 15.78, ""stake_amount"": 157.81}}"
2026-04-17 11:00 UTC,ARBITRAGE,hockey,Edmonton Oilers vs Anaheim Ducks,NHL,totals,2.315,SURE,23.15,"{""Under 6.5"": {""bookmaker"": ""BetOnline.ag"", ""odds"": 1.93, ""stake_pct"": 53.04, ""stake_amount"": 530.41}, ""Over 6.5"": {""bookmaker"": ""1xBet"", ""odds"": 2.18, ""stake_pct"": 46.96, ""stake_amount"": 469.59}}"
2026-04-17 11:00 UTC,ARBITRAGE,soccer,Rayo Vallecano vs Espanyol,La Liga - Spain,h2h,1.673,SURE,16.73,"{""Espanyol"": {""bookmaker"": ""Unibet (SE)"", ""odds"": 4.35, ""stake_pct"": 23.38, ""stake_amount"": 233.8}, ""Draw"": {""bookmaker"": ""Unibet (SE)"", ""odds"": 3.55, ""stake_pct"": 28.65, ""stake_amount"": 286.48}, ""Rayo Vallecano"": {""bookmaker"": ""1xBet"", ""odds"": 2.12, ""stake_pct"": 47.97, ""stake_amount"": 479.72}}"
2026-04-17 11:00 UTC,ARBITRAGE,soccer,Manchester United vs Brentford,EPL,h2h,1.612,SURE,16.12,"{""Manchester United"": {""bookmaker"": ""Betfair"", ""odds"": 1.91, ""stake_pct"": 53.21, ""stake_amount"": 532.14}, ""Draw"": {""bookmaker"": ""Unibet (SE)"", ""odds"": 4.2, ""stake_pct"": 24.2, ""stake_amount"": 242.0}, ""Brentford"": {""bookmaker"": ""Unibet (SE)"", ""odds"": 4.5, ""stake_pct"": 22.59, ""stake_amount"": 225.86}}"
2026-04-17 11:00 UTC,ARBITRAGE,soccer,Leeds United vs Wolverhampton Wanderers,EPL,h2h,1.573,SURE,15.73,"{""Wolverhampton Wanderers"": {""bookmaker"": ""Unibet (NL)"", ""odds"": 6.25, ""stake_pct"": 16.26, ""stake_amount"": 162.56}, ""Draw"": {""bookmaker"": ""Betfair"", ""odds"": 4.3, ""stake_pct"": 23.63, ""stake_amount"": 236.27}, ""Leeds United"": {""bookmaker"": ""1xBet"", ""odds"": 1.69, ""stake_pct"": 60.12, ""stake_amount"": 601.17}}"
2026-04-17 11:00 UTC,ARBITRAGE,soccer,Hellas Verona vs AC Milan,Serie A - Italy,h2h,1.35,SURE,13.5,"{""Draw"": {""bookmaker"": ""1xBet"", ""odds"": 4.14, ""stake_pct"": 24.49, ""stake_amount"": 244.85}, ""Hellas Verona"": {""bookmaker"": ""Smarkets"", ""odds"": 7.2, ""stake_pct"": 14.08, ""stake_amount"": 140.79}, ""AC Milan"": {""bookmaker"": ""GTbets"", ""odds"": 1.65, ""stake_pct"": 61.44, ""stake_amount"": 614.36}}"
2026-04-17 11:00 UTC,ARBITRAGE,soccer,Bayer Leverkusen vs Augsburg,Bundesliga - Germany,h2h,1.295,SURE,12.95,"{""Bayer Leverkusen"": {""bookmaker"": ""GTbets"", ""odds"": 1.47, ""stake_pct"": 68.92, ""stake_amount"": 689.2}, ""Augsburg"": {""bookmaker"": ""Betfair"", ""odds"": 7.8, ""stake_pct"": 12.99, ""stake_amount"": 129.89}, ""Draw"": {""bookmaker"": ""Betfair"", ""odds"": 5.6, ""stake_pct"": 18.09, ""stake_amount"": 180.91}}"
2026-04-17 11:00 UTC,ARBITRAGE,soccer,Sassuolo vs Como,Serie A - Italy,h2h,1.072,SURE,10.72,"{""Como"": {""bookmaker"": ""Unibet (NL)"", ""odds"": 1.6, ""stake_pct"": 63.18, ""stake_amount"": 631.77}, ""Sassuolo"": {""bookmaker"": ""Smarkets"", ""odds"": 6.6, ""stake_pct"": 15.32, ""stake_amount"": 153.16}, ""Draw"": {""bookmaker"": ""Winamax (DE)"", ""odds"": 4.7, ""stake_pct"": 21.51, ""stake_amount"": 215.07}}"
2026-04-17 11:00 UTC,ARBITRAGE,soccer,Newcastle United vs Bournemouth,EPL,h2h,1.065,SURE,10.65,"{""Newcastle United"": {""bookmaker"": ""Betfair"", ""odds"": 2.1, ""stake_pct"": 48.13, ""stake_amount"": 481.32}, ""Bournemouth"": {""bookmaker"": ""Unibet (NL)"", ""odds"": 3.8, ""stake_pct"": 26.6, ""stake_amount"": 265.99}, ""Draw"": {""bookmaker"": ""Smarkets"", ""odds"": 4.0, ""stake_pct"": 25.27, ""stake_amount"": 252.69}}"
2026-04-17 11:00 UTC,ARBITRAGE,soccer,Juventus vs Bologna,Serie A - Italy,h2h,1.049,SURE,10.49,"{""Juventus"": {""bookmaker"": ""1xBet"", ""odds"": 1.55, ""stake_pct"": 65.2, ""stake_amount"": 652.0}, ""Bologna"": {""bookmaker"": ""Betfair"", ""odds"": 7.6, ""stake_pct"": 13.3, ""stake_amount"": 132.97}, ""Draw"": {""bookmaker"": ""Winamax (DE)"", ""odds"": 4.7, ""stake_pct"": 21.5, ""stake_amount"": 215.02}}"
2026-04-17 11:00 UTC,ARBITRAGE,soccer,Manchester City vs Arsenal,EPL,h2h,0.894,SURE,8.94,"{""Manchester City"": {""bookmaker"": ""1xBet"", ""odds"": 1.9, ""stake_pct"": 53.11, ""stake_amount"": 531.06}, ""Draw"": {""bookmaker"": ""Betfair"", ""odds"": 3.9, ""stake_pct"": 25.87, ""stake_amount"": 258.72}, ""Arsenal"": {""bookmaker"": ""Unibet (NL)"", ""odds"": 4.8, ""stake_pct"": 21.02, ""stake_amount"": 210.21}}"
2026-04-17 11:00 UTC,ARBITRAGE,soccer,Levante vs Sevilla,La Liga - Spain,h2h,0.774,SURE,7.74,"{""Levante"": {""bookmaker"": ""1xBet"", ""odds"": 2.67, ""stake_pct"": 37.75, ""stake_amount"": 377.45}, ""Draw"": {""bookmaker"": ""1xBet"", ""odds"": 3.45, ""stake_pct"": 29.21, ""stake_amount"": 292.12}, ""Sevilla"": {""bookmaker"": ""Betfair"", ""odds"": 3.05, ""stake_pct"": 33.04, ""stake_amount"": 330.43}}"
2026-04-17 11:00 UTC,ARBITRAGE,soccer,RC Lens vs Toulouse,Ligue 1 - France,h2h,0.762,SURE,7.62,"{""RC Lens"": {""bookmaker"": ""GTbets"", ""odds"": 1.55, ""stake_pct"": 65.01, ""stake_amount"": 650.11}, ""Draw"": {""bookmaker"": ""Betfair"", ""odds"": 4.8, ""stake_pct"": 20.99, ""stake_amount"": 209.93}, ""Toulouse"": {""bookmaker"": ""Smarkets"", ""odds"": 7.2, ""stake_pct"": 14.0, ""stake_amount"": 139.95}}"
2026-04-17 11:00 UTC,ARBITRAGE,soccer,Lorient vs Strasbourg,Ligue 1 - France,h2h,0.757,SURE,7.57,"{""Draw"": {""bookmaker"": ""1xBet"", ""odds"": 3.68, ""stake_pct"": 27.38, ""stake_amount"": 273.81}, ""Strasbourg"": {""bookmaker"": ""Betfair"", ""odds"": 2.48, ""stake_pct"": 40.63, ""stake_amount"": 406.3}, ""Lorient"": {""bookmaker"": ""Unibet (NL)"", ""odds"": 3.15, ""stake_pct"": 31.99, ""stake_amount"": 319.88}}"
2026-04-17 11:00 UTC,ARBITRAGE,soccer,Bayern Munich vs VfB Stuttgart,Bundesliga - Germany,h2h,0.752,SURE,7.52,"{""VfB Stuttgart"": {""bookmaker"": ""Unibet (NL)"", ""odds"": 7.5, ""stake_pct"": 13.43, ""stake_amount"": 134.34}, ""Bayern Munich"": {""bookmaker"": ""1xBet"", ""odds"": 1.45, ""stake_pct"": 69.49, ""stake_amount"": 694.88}, ""Draw"": {""bookmaker"": ""Betfair"", ""odds"": 5.9, ""stake_pct"": 17.08, ""stake_amount"": 170.78}}"
2026-04-17 11:00 UTC,ARBITRAGE,soccer,Crystal Palace vs West Ham United,EPL,h2h,0.737,SURE,7.37,"{""West Ham United"": {""bookmaker"": ""Unibet (NL)"", ""odds"": 3.35, ""stake_pct"": 30.07, ""stake_amount"": 300.73}, ""Crystal Palace"": {""bookmaker"": ""1xBet"", ""odds"": 2.5, ""stake_pct"": 40.3, ""stake_amount"": 402.97}, ""Draw"": {""bookmaker"": ""Betfair"", ""odds"": 3.4, ""stake_pct"": 29.63, ""stake_amount"": 296.3}}"
2026-04-17 11:00 UTC,ARBITRAGE,soccer,Inter Milan vs Cagliari,Serie A - Italy,h2h,0.716,SURE,7.16,"{""Draw"": {""bookmaker"": ""Unibet (FR)"", ""odds"": 6.9, ""stake_pct"": 14.6, ""stake_amount"": 145.97}, ""Inter Milan"": {""bookmaker"": ""1xBet"", ""odds"": 1.28, ""stake_pct"": 78.69, ""stake_amount"": 786.88}, ""Cagliari"": {""bookmaker"": ""Betfair"", ""odds"": 15.0, ""stake_pct"": 6.71, ""stake_amount"": 67.15}}"
2026-04-17 11:00 UTC,ARBITRAGE,soccer,Athletic Bilbao vs CA Osasuna,La Liga - Spain,h2h,0.702,SURE,7.02,"{""Athletic Bilbao"": {""bookmaker"": ""1xBet"", ""odds"": 1.9, ""stake_pct"": 53.0, ""stake_amount"": 530.04}, ""Draw"": {""bookmaker"": ""Matchbook"", ""odds"": 3.75, ""stake_pct"": 26.86, ""stake_amount"": 268.55}, ""CA Osasuna"": {""bookmaker"": ""Betfair"", ""odds"": 5.0, ""stake_pct"": 20.14, ""stake_amount"": 201.41}}"
2026-04-17 11:00 UTC,ARBITRAGE,soccer,Fiorentina vs Sassuolo,Serie A - Italy,h2h,0.647,SURE,6.47,"{""Sassuolo"": {""bookmaker"": ""BetOnline.ag"", ""odds"": 4.7, ""stake_pct"": 21.42, ""stake_amount"": 214.15}, ""Draw"": {""bookmaker"": ""Winamax (DE)"", ""odds"": 3.5, ""stake_pct"": 28.76, ""stake_amount"": 287.57}, ""Fiorentina"": {""bookmaker"": ""Nordic Bet"", ""odds"": 2.02, ""stake_pct"": 49.83, ""stake_amount"": 498.27}}"
2026-04-17 11:00 UTC,ARBITRAGE,soccer,Lille vs Nice,Ligue 1 - France,h2h,0.645,SURE,6.45,"{""Lille"": {""bookmaker"": ""Unibet (SE)"", ""odds"": 1.56, ""stake_pct"": 64.52, ""stake_amount"": 645.19}, ""Draw"": {""bookmaker"": ""Smarkets"", ""odds"": 4.6, ""stake_pct"": 21.88, ""stake_amount"": 218.8}, ""Nice"": {""bookmaker"": ""Betfair"", ""odds"": 7.4, ""stake_pct"": 13.6, ""stake_amount"": 136.01}}"
2026-04-17 11:00 UTC,ARBITRAGE,soccer,Hellas Verona vs Lecce,Serie A - Italy,h2h,0.644,SURE,6.44,"{""Lecce"": {""bookmaker"": ""Betfred (UK)"", ""odds"": 3.75, ""stake_pct"": 26.84, ""stake_amount"": 268.4}, ""Hellas Verona"": {""bookmaker"": ""Betfair"", ""odds"": 2.32, ""stake_pct"": 43.38, ""stake_amount"": 433.83}, ""Draw"": {""bookmaker"": ""1xBet"", ""odds"": 3.38, ""stake_pct"": 29.78, ""stake_amount"": 297.78}}"
2026-04-17 11:00 UTC,ARBITRAGE,soccer,Metz vs Paris FC,Ligue 1 - France,h2h,0.644,SURE,6.44,"{""Metz"": {""bookmaker"": ""Unibet (SE)"", ""odds"": 3.7, ""stake_pct"": 27.2, ""stake_amount"": 272.02}, ""Draw"": {""bookmaker"": ""Coolbet"", ""odds"": 3.75, ""stake_pct"": 26.84, ""stake_amount"": 268.4}, ""Paris FC"": {""bookmaker"": ""GTbets"", ""odds"": 2.19, ""stake_pct"": 45.96, ""stake_amount"": 459.58}}"
2026-04-17 11:00 UTC,ARBITRAGE,soccer,Napoli vs Lazio,Serie A - Italy,h2h,0.636,SURE,6.36,"{""Lazio"": {""bookmaker"": ""Smarkets"", ""odds"": 8.2, ""stake_pct"": 12.27, ""stake_amount"": 122.73}, ""Napoli"": {""bookmaker"": ""Unibet (SE)"", ""odds"": 1.57, ""stake_pct"": 64.1, ""stake_amount"": 641.02}, ""Draw"": {""bookmaker"": ""1xBet"", ""odds"": 4.26, ""stake_pct"": 23.62, ""stake_amount"": 236.25}}"
2026-04-17 11:00 UTC,ARBITRAGE,soccer,Pisa vs Genoa,Serie A - Italy,h2h,0.619,SURE,6.19,"{""Pisa"": {""bookmaker"": ""Unibet (NL)"", ""odds"": 3.45, ""stake_pct"": 29.17, ""stake_amount"": 291.66}, ""Genoa"": {""bookmaker"": ""Betfair"", ""odds"": 2.5, ""stake_pct"": 40.25, ""stake_amount"": 402.49}, ""Draw"": {""bookmaker"": ""1xBet"", ""odds"": 3.29, ""stake_pct"": 30.58, ""stake_amount"": 305.85}}"
2026-04-17 11:00 UTC,ARBITRAGE,soccer,Werder Bremen vs Hamburger SV,Bundesliga - Germany,h2h,0.607,SURE,6.07,"{""Draw"": {""bookmaker"": ""Betfair"", ""odds"": 3.8, ""stake_pct"": 26.48, ""stake_amount"": 264.77}, ""Werder Bremen"": {""bookmaker"": ""Unibet (NL)"", ""odds"": 2.08, ""stake_pct"": 48.37, ""stake_amount"": 483.71}, ""Hamburger SV"": {""bookmaker"": ""Betfair"", ""odds"": 4.0, ""stake_pct"": 25.15, ""stake_amount"": 251.53}}"
2026-04-17 11:00 UTC,ARBITRAGE,soccer,FC St. Pauli vs 1. FC Köln,Bundesliga - Germany,totals,0.523,SURE,5.23,"{""Over 2.5"": {""bookmaker"": ""1xBet"", ""odds"": 2.11, ""stake_pct"": 47.64, ""stake_amount"": 476.43}, ""Under 2.5"": {""bookmaker"": ""Matchbook"", ""odds"": 1.92, ""stake_pct"": 52.36, ""stake_amount"": 523.57}}"
2026-04-17 11:00 UTC,ARBITRAGE,soccer,Genoa vs Como,Serie A - Italy,h2h,0.51,SURE,5.1,"{""Como"": {""bookmaker"": ""1xBet"", ""odds"": 1.94, ""stake_pct"": 51.81, ""stake_amount"": 518.11}, ""Genoa"": {""bookmaker"": ""Betfair"", ""odds"": 4.7, ""stake_pct"": 21.39, ""stake_amount"": 213.86}, ""Draw"": {""bookmaker"": ""BetOnline.ag"", ""odds"": 3.75, ""stake_pct"": 26.8, ""stake_amount"": 268.03}}"
2026-04-17 11:00 UTC,VALUE_BET,soccer,Fiorentina vs Sassuolo,Serie A - Italy,h2h,16.05,ALTA,10.84,Sassuolo@4.7 (BetOnline.ag)
2026-04-17 11:00 UTC,VALUE_BET,soccer,Fiorentina vs Sassuolo,Serie A - Italy,h2h,12.1,ALTA,8.54,Sassuolo@4.54 (1xBet)
2026-04-17 11:00 UTC,VALUE_BET,soccer,Fiorentina vs Sassuolo,Serie A - Italy,h2h,11.6,ALTA,8.24,Sassuolo@4.52 (Pinnacle)
2026-04-17 11:00 UTC,VALUE_BET,hockey,Edmonton Oilers vs Anaheim Ducks,NHL,h2h,11.6,ALTA,14.87,Anaheim Ducks@2.95 (Betclic (FR))
2026-04-17 11:00 UTC,VALUE_BET,hockey,Tampa Bay Lightning vs Montréal Canadiens,NHL,h2h,11.25,ALTA,12.67,Montréal Canadiens@3.22 (Betclic (FR))
2026-04-17 11:00 UTC,VALUE_BET,hockey,Buffalo Sabres vs Boston Bruins,NHL,h2h,11.14,ALTA,13.99,Boston Bruins@2.99 (Marathon Bet)
2026-04-17 11:00 UTC,VALUE_BET,soccer,Villarreal vs Celta Vigo,La Liga - Spain,h2h,10.7,ALTA,7.43,Celta Vigo@4.6 (Unibet (SE))
2026-04-17 11:00 UTC,VALUE_BET,soccer,Villarreal vs Celta Vigo,La Liga - Spain,h2h,10.7,ALTA,7.43,Celta Vigo@4.6 (Unibet (NL))
2026-04-17 11:00 UTC,VALUE_BET,soccer,Fiorentina vs Sassuolo,Serie A - Italy,h2h,9.88,ALTA,7.16,Sassuolo@4.45 (Marathon Bet)
2026-04-17 11:00 UTC,VALUE_BET,hockey,Carolina Hurricanes vs Ottawa Senators,NHL,h2h,9.86,ALTA,22.21,Carolina Hurricanes@2.11 (Marathon Bet)
2026-04-17 11:00 UTC,VALUE_BET,hockey,Edmonton Oilers vs Anaheim Ducks,NHL,h2h,9.71,ALTA,12.77,Anaheim Ducks@2.9 (Unibet (FR))
2026-04-17 11:00 UTC,VALUE_BET,hockey,Buffalo Sabres vs Boston Bruins,NHL,h2h,9.65,ALTA,12.38,Boston Bruins@2.95 (LeoVegas)
2026-04-17 11:00 UTC,VALUE_BET,soccer,Villarreal vs Celta Vigo,La Liga - Spain,h2h,9.5,ALTA,6.69,Celta Vigo@4.55 (BetOnline.ag)
2026-04-17 11:00 UTC,VALUE_BET,hockey,Carolina Hurricanes vs Ottawa Senators,NHL,h2h,9.34,ALTA,21.22,Carolina Hurricanes@2.1 (LeoVegas (SE))
2026-04-17 11:00 UTC,VALUE_BET,hockey,Carolina Hurricanes vs Ottawa Senators,NHL,h2h,9.34,ALTA,21.22,Carolina Hurricanes@2.1 (Unibet (SE))
2026-04-17 19:05 UTC,ARBITRAGE,basketball,Dubai Basketball vs Valencia Basket,Basketball Euroleague,h2h,7.368,SURE,73.68,"{""Valencia Basket"": {""bookmaker"": ""888sport"", ""odds"": 2.5, ""stake_pct"": 43.18, ""stake_amount"": 431.82}, ""Dubai Basketball"": {""bookmaker"": ""Matchbook"", ""odds"": 1.9, ""stake_pct"": 56.82, ""stake_amount"": 568.18}}"
2026-04-17 19:05 UTC,ARBITRAGE,soccer,Getafe vs Barcelona,La Liga - Spain,h2h,3.896,SURE,38.96,"{""Getafe"": {""bookmaker"": ""1xBet"", ""odds"": 6.86, ""stake_pct"": 15.17, ""stake_amount"": 151.68}, ""Draw"": {""bookmaker"": ""1xBet"", ""odds"": 4.78, ""stake_pct"": 21.77, ""stake_amount"": 217.69}, ""Barcelona"": {""bookmaker"": ""Unibet (NL)"", ""odds"": 1.65, ""stake_pct"": 63.06, ""stake_amount"": 630.63}}"
2026-04-17 19:05 UTC,ARBITRAGE,soccer,RC Lens vs Toulouse,Ligue 1 - France,h2h,3.539,SURE,35.39,"{""RC Lens"": {""bookmaker"": ""Coolbet"", ""odds"": 2.5, ""stake_pct"": 41.47, ""stake_amount"": 414.67}, ""Toulouse"": {""bookmaker"": ""Betfair"", ""odds"": 2.88, ""stake_pct"": 36.0, ""stake_amount"": 359.96}, ""Draw"": {""bookmaker"": ""Ladbrokes"", ""odds"": 4.6, ""stake_pct"": 22.54, ""stake_amount"": 225.37}}"
2026-04-17 19:05 UTC,ARBITRAGE,soccer,VfB Stuttgart vs Werder Bremen,Bundesliga - Germany,h2h,2.513,SURE,25.13,"{""Werder Bremen"": {""bookmaker"": ""BetOnline.ag"", ""odds"": 6.5, ""stake_pct"": 15.78, ""stake_amount"": 157.81}, ""Draw"": {""bookmaker"": ""Unibet (NL)"", ""odds"": 4.5, ""stake_pct"": 22.8, ""stake_amount"": 227.95}, ""VfB Stuttgart"": {""bookmaker"": ""1xBet"", ""odds"": 1.67, ""stake_pct"": 61.42, ""stake_amount"": 614.24}}"
2026-04-17 19:05 UTC,ARBITRAGE,soccer,Inter Milan vs Cagliari,Serie A - Italy,h2h,2.234,SURE,22.34,"{""Inter Milan"": {""bookmaker"": ""Coolbet"", ""odds"": 1.44, ""stake_pct"": 71.03, ""stake_amount"": 710.31}, ""Draw"": {""bookmaker"": ""Betfair"", ""odds"": 5.2, ""stake_pct"": 19.67, ""stake_amount"": 196.7}, ""Cagliari"": {""bookmaker"": ""Betfair"", ""odds"": 11.0, ""stake_pct"": 9.3, ""stake_amount"": 92.99}}"
2026-04-17 19:05 UTC,ARBITRAGE,soccer,Leeds United vs Wolverhampton Wanderers,EPL,h2h,1.948,SURE,19.48,"{""Wolverhampton Wanderers"": {""bookmaker"": ""Smarkets"", ""odds"": 6.4, ""stake_pct"": 15.94, ""stake_amount"": 159.35}, ""Leeds United"": {""bookmaker"": ""1xBet"", ""odds"": 1.69, ""stake_pct"": 60.35, ""stake_amount"": 603.47}, ""Draw"": {""bookmaker"": ""Betfair"", ""odds"": 4.3, ""stake_pct"": 23.72, ""stake_amount"": 237.18}}"
2026-04-17 19:05 UTC,ARBITRAGE,basketball,FC Barcelona Bàsquet vs FC Bayern München,Basketball Euroleague,h2h,1.754,SURE,17.54,"{""FC Bayern München"": {""bookmaker"": ""LiveScore Bet"", ""odds"": 9.5, ""stake_pct"": 10.71, ""stake_amount"": 107.14}, ""FC Barcelona Bàsquet"": {""bookmaker"": ""William Hill"", ""odds"": 1.14, ""stake_pct"": 89.29, ""stake_amount"": 892.86}}"
2026-04-17 19:05 UTC,ARBITRAGE,soccer,Bayer Leverkusen vs Augsburg,Bundesliga - Germany,h2h,1.616,SURE,16.16,"{""Augsburg"": {""bookmaker"": ""Smarkets"", ""odds"": 8.0, ""stake_pct"": 12.71, ""stake_amount"": 127.05}, ""Draw"": {""bookmaker"": ""Betfair"", ""odds"": 5.6, ""stake_pct"": 18.15, ""stake_amount"": 181.5}, ""Bayer Leverkusen"": {""bookmaker"": ""GTbets"", ""odds"": 1.47, ""stake_pct"": 69.14, ""stake_amount"": 691.44}}"
2026-04-17 19:05 UTC,ARBITRAGE,soccer,Girona vs Real Betis,La Liga - Spain,h2h,1.613,SURE,16.13,"{""Real Betis"": {""bookmaker"": ""Coolbet"", ""odds"": 2.92, ""stake_pct"": 34.81, ""stake_amount"": 348.08}, ""Draw"": {""bookmaker"": ""Unibet (SE)"", ""odds"": 3.55, ""stake_pct"": 28.63, ""stake_amount"": 286.31}, ""Girona"": {""bookmaker"": ""1xBet"", ""odds"": 2.78, ""stake_pct"": 36.56, ""stake_amount"": 365.61}}"
2026-04-17 19:05 UTC,ARBITRAGE,soccer,Aston Villa vs Sunderland,EPL,h2h,1.426,SURE,14.26,"{""Sunderland"": {""bookmaker"": ""Unibet (NL)"", ""odds"": 5.75, ""stake_pct"": 17.64, ""stake_amount"": 176.43}, ""Aston Villa"": {""bookmaker"": ""Betfair"", ""odds"": 1.79, ""stake_pct"": 56.67, ""stake_amount"": 566.74}, ""Draw"": {""bookmaker"": ""Unibet (NL)"", ""odds"": 3.95, ""stake_pct"": 25.68, ""stake_amount"": 256.83}}"
2026-04-17 19:05 UTC,ARBITRAGE,soccer,Hellas Verona vs AC Milan,Serie A - Italy,h2h,1.35,SURE,13.5,"{""Hellas Verona"": {""bookmaker"": ""Smarkets"", ""odds"": 7.2, ""stake_pct"": 14.08, ""stake_amount"": 140.79}, ""AC Milan"": {""bookmaker"": ""GTbets"", ""odds"": 1.65, ""stake_pct"": 61.44, ""stake_amount"": 614.36}, ""Draw"": {""bookmaker"": ""1xBet"", ""odds"": 4.14, ""stake_pct"": 24.49, ""stake_amount"": 244.85}}"
2026-04-17 19:05 UTC,ARBITRAGE,soccer,Rayo Vallecano vs Espanyol,La Liga - Spain,h2h,1.34,SURE,13.4,"{""Espanyol"": {""bookmaker"": ""Coolbet"", ""odds"": 4.0, ""stake_pct"": 25.34, ""stake_amount"": 253.4}, ""Rayo Vallecano"": {""bookmaker"": ""1xBet"", ""odds"": 2.26, ""stake_pct"": 44.85, ""stake_amount"": 448.49}, ""Draw"": {""bookmaker"": ""Betfair"", ""odds"": 3.4, ""stake_pct"": 29.81, ""stake_amount"": 298.11}}"
2026-04-17 19:05 UTC,ARBITRAGE,soccer,Manchester United vs Brentford,EPL,h2h,1.337,SURE,13.37,"{""Manchester United"": {""bookmaker"": ""Betfair"", ""odds"": 1.9, ""stake_pct"": 53.34, ""stake_amount"": 533.45}, ""Brentford"": {""bookmaker"": ""Unibet (SE)"", ""odds"": 4.5, ""stake_pct"": 22.52, ""stake_amount"": 225.23}, ""Draw"": {""bookmaker"": ""Unibet (SE)"", ""odds"": 4.2, ""stake_pct"": 24.13, ""stake_amount"": 241.32}}"
2026-04-17 19:05 UTC,ARBITRAGE,soccer,Pisa vs Genoa,Serie A - Italy,h2h,1.249,SURE,12.49,"{""Pisa"": {""bookmaker"": ""Unibet (NL)"", ""odds"": 3.45, ""stake_pct"": 29.35, ""stake_amount"": 293.52}, ""Draw"": {""bookmaker"": ""1xBet"", ""odds"": 3.29, ""stake_pct"": 30.78, ""stake_amount"": 307.8}, ""Genoa"": {""bookmaker"": ""Betfair"", ""odds"": 2.54, ""stake_pct"": 39.87, ""stake_amount"": 398.68}}"
2026-04-17 19:05 UTC,ARBITRAGE,soccer,Napoli vs Lazio,Serie A - Italy,h2h,1.145,SURE,11.45,"{""Lazio"": {""bookmaker"": ""Smarkets"", ""odds"": 8.4, ""stake_pct"": 12.04, ""stake_amount"": 120.43}, ""Napoli"": {""bookmaker"": ""GTbets"", ""odds"": 1.57, ""stake_pct"": 64.43, ""stake_amount"": 644.32}, ""Draw"": {""bookmaker"": ""Winamax (DE)"", ""odds"": 4.3, ""stake_pct"": 23.53, ""stake_amount"": 235.25}}"
2026-04-17 19:05 UTC,ARBITRAGE,soccer,Atlético Madrid vs Athletic Bilbao,La Liga - Spain,h2h,1.107,SURE,11.07,"{""Athletic Bilbao"": {""bookmaker"": ""1xBet"", ""odds"": 2.99, ""stake_pct"": 33.82, ""stake_amount"": 338.19}, ""Atlético Madrid"": {""bookmaker"": ""Betfair"", ""odds"": 2.56, ""stake_pct"": 39.5, ""stake_amount"": 395.0}, ""Draw"": {""bookmaker"": ""1xBet"", ""odds"": 3.79, ""stake_pct"": 26.68, ""stake_amount"": 266.81}}"
2026-04-17 19:05 UTC,ARBITRAGE,soccer,Fiorentina vs Sassuolo,Serie A - Italy,h2h,1.049,SURE,10.49,"{""Sassuolo"": {""bookmaker"": ""BetOnline.ag"", ""odds"": 4.7, ""stake_pct"": 21.5, ""stake_amount"": 215.02}, ""Draw"": {""bookmaker"": ""Unibet (SE)"", ""odds"": 3.55, ""stake_pct"": 28.47, ""stake_amount"": 284.68}, ""Fiorentina"": {""bookmaker"": ""Nordic Bet"", ""odds"": 2.02, ""stake_pct"": 50.03, ""stake_amount"": 500.3}}"
2026-04-17 19:05 UTC,ARBITRAGE,soccer,TSG Hoffenheim vs Borussia Dortmund,Bundesliga - Germany,h2h,0.979,SURE,9.79,"{""Borussia Dortmund"": {""bookmaker"": ""Betfair"", ""odds"": 2.66, ""stake_pct"": 37.97, ""stake_amount"": 379.66}, ""TSG Hoffenheim"": {""bookmaker"": ""Unibet (SE)"", ""odds"": 2.7, ""stake_pct"": 37.4, ""stake_amount"": 374.03}, ""Draw"": {""bookmaker"": ""Betfair"", ""odds"": 4.1, ""stake_pct"": 24.63, ""stake_amount"": 246.31}}"
2026-04-17 19:05 UTC,ARBITRAGE,soccer,Genoa vs Como,Serie A - Italy,h2h,0.954,SURE,9.54,"{""Genoa"": {""bookmaker"": ""Betfair"", ""odds"": 4.8, ""stake_pct"": 21.03, ""stake_amount"": 210.34}, ""Draw"": {""bookmaker"": ""BetOnline.ag"", ""odds"": 3.75, ""stake_pct"": 26.92, ""stake_amount"": 269.23}, ""Como"": {""bookmaker"": ""1xBet"", ""odds"": 1.94, ""stake_pct"": 52.04, ""stake_amount"": 520.43}}"
2026-04-17 19:05 UTC,ARBITRAGE,soccer,Nottingham Forest vs Burnley,EPL,h2h,0.924,SURE,9.24,"{""Burnley"": {""bookmaker"": ""Betfair"", ""odds"": 7.8, ""stake_pct"": 12.94, ""stake_amount"": 129.4}, ""Nottingham Forest"": {""bookmaker"": ""GTbets"", ""odds"": 1.55, ""stake_pct"": 65.12, ""stake_amount"": 651.18}, ""Draw"": {""bookmaker"": ""Betfair"", ""odds"": 4.6, ""stake_pct"": 21.94, ""stake_amount"": 219.42}}"
2026-04-17 19:05 UTC,ARBITRAGE,soccer,FC St. Pauli vs 1. FC Köln,Bundesliga - Germany,h2h,0.907,SURE,9.07,"{""FC St. Pauli"": {""bookmaker"": ""Betfair"", ""odds"": 3.15, ""stake_pct"": 32.04, ""stake_amount"": 320.37}, ""1. FC Köln"": {""bookmaker"": ""Matchbook"", ""odds"": 3.0, ""stake_pct"": 33.64, ""stake_amount"": 336.38}, ""Draw"": {""bookmaker"": ""Smarkets"", ""odds"": 2.94, ""stake_pct"": 34.32, ""stake_amount"": 343.25}}"
2026-04-17 19:05 UTC,ARBITRAGE,soccer,Udinese vs Parma,Serie A - Italy,h2h,0.75,SURE,7.5,"{""Parma"": {""bookmaker"": ""Betfair"", ""odds"": 4.3, ""stake_pct"": 23.43, ""stake_amount"": 234.32}, ""Draw"": {""bookmaker"": ""Betfair"", ""odds"": 3.15, ""stake_pct"": 31.99, ""stake_amount"": 319.86}, ""Udinese"": {""bookmaker"": ""1xBet"", ""odds"": 2.26, ""stake_pct"": 44.58, ""stake_amount"": 445.82}}"
2026-04-17 19:05 UTC,ARBITRAGE,soccer,Everton vs Liverpool,EPL,h2h,0.694,SURE,6.94,"{""Everton"": {""bookmaker"": ""Coolbet"", ""odds"": 3.4, ""stake_pct"": 29.62, ""stake_amount"": 296.17}, ""Liverpool"": {""bookmaker"": ""Betfair"", ""odds"": 2.42, ""stake_pct"": 41.61, ""stake_amount"": 416.11}, ""Draw"": {""bookmaker"": ""Bet Victor"", ""odds"": 3.5, ""stake_pct"": 28.77, ""stake_amount"": 287.71}}"
2026-04-17 19:05 UTC,ARBITRAGE,soccer,Lorient vs Strasbourg,Ligue 1 - France,h2h,0.683,SURE,6.83,"{""Strasbourg"": {""bookmaker"": ""Betfair"", ""odds"": 2.48, ""stake_pct"": 40.6, ""stake_amount"": 406.0}, ""Lorient"": {""bookmaker"": ""Unibet (NL)"", ""odds"": 3.15, ""stake_pct"": 31.96, ""stake_amount"": 319.64}, ""Draw"": {""bookmaker"": ""1xBet"", ""odds"": 3.67, ""stake_pct"": 27.44, ""stake_amount"": 274.35}}"
2026-04-17 19:05 UTC,ARBITRAGE,soccer,Hellas Verona vs Lecce,Serie A - Italy,h2h,0.644,SURE,6.44,"{""Hellas Verona"": {""bookmaker"": ""Betfair"", ""odds"": 2.32, ""stake_pct"": 43.38, ""stake_amount"": 433.83}, ""Draw"": {""bookmaker"": ""1xBet"", ""odds"": 3.38, ""stake_pct"": 29.78, ""stake_amount"": 297.78}, ""Lecce"": {""bookmaker"": ""Unibet (NL)"", ""odds"": 3.75, ""stake_pct"": 26.84, ""stake_amount"": 268.4}}"
2026-04-17 19:05 UTC,ARBITRAGE,soccer,Juventus vs Bologna,Serie A - Italy,h2h,0.63,SURE,6.3,"{""Bologna"": {""bookmaker"": ""Matchbook"", ""odds"": 7.6, ""stake_pct"": 13.24, ""stake_amount"": 132.41}, ""Draw"": {""bookmaker"": ""Winamax (DE)"", ""odds"": 4.7, ""stake_pct"": 21.41, ""stake_amount"": 214.12}, ""Juventus"": {""bookmaker"": ""1xBet"", ""odds"": 1.54, ""stake_pct"": 65.35, ""stake_amount"": 653.47}}"
2026-04-17 19:05 UTC,ARBITRAGE,soccer,Levante vs Sevilla,La Liga - Spain,h2h,0.625,SURE,6.25,"{""Levante"": {""bookmaker"": ""1xBet"", ""odds"": 2.73, ""stake_pct"": 36.86, ""stake_amount"": 368.6}, ""Draw"": {""bookmaker"": ""Betfair"", ""odds"": 3.4, ""stake_pct"": 29.6, ""stake_amount"": 295.97}, ""Sevilla"": {""bookmaker"": ""BetOnline.ag"", ""odds"": 3.0, ""stake_pct"": 33.54, ""stake_amount"": 335.43}}"
2026-04-17 19:05 UTC,ARBITRAGE,soccer,Newcastle United vs Bournemouth,EPL,h2h,0.609,SURE,6.09,"{""Bournemouth"": {""bookmaker"": ""1xBet"", ""odds"": 3.6, ""stake_pct"": 27.95, ""stake_amount"": 279.48}, ""Newcastle United"": {""bookmaker"": ""Smarkets"", ""odds"": 2.16, ""stake_pct"": 46.58, ""stake_amount"": 465.8}, ""Draw"": {""bookmaker"": ""Betfair"", ""odds"": 3.95, ""stake_pct"": 25.47, ""stake_amount"": 254.72}}"
2026-04-17 19:05 UTC,ARBITRAGE,basketball,Cleveland Cavaliers vs Toronto Raptors,NBA,h2h,0.422,SURE,4.22,"{""Cleveland Cavaliers"": {""bookmaker"": ""1xBet"", ""odds"": 1.33, ""stake_pct"": 75.51, ""stake_amount"": 755.06}, ""Toronto Raptors"": {""bookmaker"": ""Betfair"", ""odds"": 4.1, ""stake_pct"": 24.49, ""stake_amount"": 244.94}}"
2026-04-17 19:05 UTC,VALUE_BET,soccer,Fiorentina vs Sassuolo,Serie A - Italy,h2h,16.45,ALTA,11.12,Sassuolo@4.7 (BetOnline.ag)
2026-04-17 19:05 UTC,VALUE_BET,hockey,Edmonton Oilers vs Anaheim Ducks,NHL,h2h,14.14,ALTA,16.07,Anaheim Ducks@3.2 (Unibet (SE))
2026-04-17 19:05 UTC,VALUE_BET,hockey,Edmonton Oilers vs Anaheim Ducks,NHL,h2h,14.14,ALTA,16.07,Anaheim Ducks@3.2 (LeoVegas (SE))
2026-04-17 19:05 UTC,VALUE_BET,hockey,Edmonton Oilers vs Anaheim Ducks,NHL,h2h,13.78,ALTA,15.73,Anaheim Ducks@3.19 (1xBet)
2026-04-17 19:05 UTC,VALUE_BET,soccer,Fiorentina vs Sassuolo,Serie A - Italy,h2h,12.49,ALTA,8.82,Sassuolo@4.54 (1xBet)
2026-04-17 19:05 UTC,VALUE_BET,hockey,Edmonton Oilers vs Anaheim Ducks,NHL,h2h,12.35,ALTA,14.37,Anaheim Ducks@3.15 (Unibet (NL))
2026-04-17 19:05 UTC,VALUE_BET,hockey,Edmonton Oilers vs Anaheim Ducks,NHL,h2h,12.35,ALTA,14.37,Anaheim Ducks@3.15 (Casumo)
2026-04-17 19:05 UTC,VALUE_BET,hockey,Edmonton Oilers vs Anaheim Ducks,NHL,h2h,12.35,ALTA,14.37,Anaheim Ducks@3.15 (Grosvenor)
2026-04-17 19:05 UTC,VALUE_BET,hockey,Edmonton Oilers vs Anaheim Ducks,NHL,h2h,12.0,ALTA,14.02,Anaheim Ducks@3.14 (Marathon Bet)
2026-04-17 19:05 UTC,VALUE_BET,soccer,Fiorentina vs Sassuolo,Serie A - Italy,h2h,11.99,ALTA,8.52,Sassuolo@4.52 (Pinnacle)
2026-04-17 19:05 UTC,VALUE_BET,soccer,Cagliari vs Atalanta BC,Serie A - Italy,h2h,11.52,ALTA,8.89,Draw@4.24 (1xBet)
2026-04-17 19:05 UTC,VALUE_BET,hockey,Colorado Avalanche vs Los Angeles Kings,NHL,h2h,11.39,ALTA,9.49,Los Angeles Kings@4.0 (Betway)
2026-04-17 19:05 UTC,VALUE_BET,hockey,Colorado Avalanche vs Los Angeles Kings,NHL,h2h,11.39,ALTA,9.49,Los Angeles Kings@4.0 (PMU (FR))
2026-04-17 19:05 UTC,VALUE_BET,soccer,RC Lens vs Toulouse,Ligue 1 - France,h2h,11.14,ALTA,7.74,Draw@4.6 (Ladbrokes)
2026-04-17 19:05 UTC,VALUE_BET,hockey,Buffalo Sabres vs Boston Bruins,NHL,h2h,11.05,ALTA,14.1,Boston Bruins@2.96 (Marathon Bet)
2026-04-18 10:45 UTC,ARBITRAGE,soccer,VfB Stuttgart vs Werder Bremen,Bundesliga - Germany,h2h,2.513,SURE,25.13,"{""Werder Bremen"": {""bookmaker"": ""BetOnline.ag"", ""odds"": 6.5, ""stake_pct"": 15.78, ""stake_amount"": 157.81}, ""VfB Stuttgart"": {""bookmaker"": ""1xBet"", ""odds"": 1.67, ""stake_pct"": 61.42, ""stake_amount"": 614.24}, ""Draw"": {""bookmaker"": ""Unibet (NL)"", ""odds"": 4.5, ""stake_pct"": 22.8, ""stake_amount"": 227.95}}"
2026-04-18 10:45 UTC,ARBITRAGE,soccer,Getafe vs Barcelona,La Liga - Spain,h2h,2.344,SURE,23.44,"{""Barcelona"": {""bookmaker"": ""Unibet (NL)"", ""odds"": 1.65, ""stake_pct"": 62.06, ""stake_amount"": 620.61}, ""Getafe"": {""bookmaker"": ""Betfair"", ""odds"": 6.2, ""stake_pct"": 16.52, ""stake_amount"": 165.16}, ""Draw"": {""bookmaker"": ""1xBet"", ""odds"": 4.78, ""stake_pct"": 21.42, ""stake_amount"": 214.23}}"
2026-04-18 10:45 UTC,ARBITRAGE,soccer,Manchester United vs Brentford,EPL,h2h,1.885,SURE,18.85,"{""Brentford"": {""bookmaker"": ""Unibet (SE)"", ""odds"": 4.5, ""stake_pct"": 22.65, ""stake_amount"": 226.49}, ""Manchester United"": {""bookmaker"": ""Betfair"", ""odds"": 1.92, ""stake_pct"": 53.08, ""stake_amount"": 530.84}, ""Draw"": {""bookmaker"": ""Unibet (SE)"", ""odds"": 4.2, ""stake_pct"": 24.27, ""stake_amount"": 242.67}}"
2026-04-18 10:45 UTC,ARBITRAGE,soccer,Nottingham Forest vs Burnley,EPL,h2h,1.387,SURE,13.87,"{""Draw"": {""bookmaker"": ""Unibet (NL)"", ""odds"": 4.7, ""stake_pct"": 21.58, ""stake_amount"": 215.76}, ""Nottingham Forest"": {""bookmaker"": ""GTbets"", ""odds"": 1.55, ""stake_pct"": 65.42, ""stake_amount"": 654.23}, ""Burnley"": {""bookmaker"": ""Betfair"", ""odds"": 7.8, ""stake_pct"": 13.0, ""stake_amount"": 130.01}}"
2026-04-18 10:45 UTC,ARBITRAGE,soccer,Rayo Vallecano vs Espanyol,La Liga - Spain,h2h,1.34,SURE,13.4,"{""Espanyol"": {""bookmaker"": ""Coolbet"", ""odds"": 4.0, ""stake_pct"": 25.34, ""stake_amount"": 253.4}, ""Draw"": {""bookmaker"": ""Betfair"", ""odds"": 3.4, ""stake_pct"": 29.81, ""stake_amount"": 298.11}, ""Rayo Vallecano"": {""bookmaker"": ""1xBet"", ""odds"": 2.26, ""stake_pct"": 44.85, ""stake_amount"": 448.49}}"
2026-04-18 10:45 UTC,ARBITRAGE,soccer,Bayer Leverkusen vs Augsburg,Bundesliga - Germany,h2h,1.242,SURE,12.42,"{""Augsburg"": {""bookmaker"": ""Unibet (NL)"", ""odds"": 7.5, ""stake_pct"": 13.5, ""stake_amount"": 135.01}, ""Bayer Leverkusen"": {""bookmaker"": ""1xBet"", ""odds"": 1.48, ""stake_pct"": 68.42, ""stake_amount"": 684.17}, ""Draw"": {""bookmaker"": ""Betfair"", ""odds"": 5.6, ""stake_pct"": 18.08, ""stake_amount"": 180.82}}"
2026-04-18 10:45 UTC,ARBITRAGE,soccer,Brentford vs Fulham,EPL,h2h,1.215,SURE,12.15,"{""Brentford"": {""bookmaker"": ""GTbets"", ""odds"": 2.12, ""stake_pct"": 47.75, ""stake_amount"": 477.5}, ""Fulham"": {""bookmaker"": ""Betfair"", ""odds"": 3.9, ""stake_pct"": 25.96, ""stake_amount"": 259.56}, ""Draw"": {""bookmaker"": ""Smarkets"", ""odds"": 3.85, ""stake_pct"": 26.29, ""stake_amount"": 262.94}}"
2026-04-18 10:45 UTC,ARBITRAGE,soccer,Fiorentina vs Sassuolo,Serie A - Italy,h2h,1.049,SURE,10.49,"{""Draw"": {""bookmaker"": ""Unibet (SE)"", ""odds"": 3.55, ""stake_pct"": 28.47, ""stake_amount"": 284.68}, ""Fiorentina"": {""bookmaker"": ""Nordic Bet"", ""odds"": 2.02, ""stake_pct"": 50.03, ""stake_amount"": 500.3}, ""Sassuolo"": {""bookmaker"": ""BetOnline.ag"", ""odds"": 4.7, ""stake_pct"": 21.5, ""stake_amount"": 215.02}}"
2026-04-18 10:45 UTC,ARBITRAGE,soccer,Borussia Dortmund vs SC Freiburg,Bundesliga - Germany,h2h,1.049,SURE,10.49,"{""Borussia Dortmund"": {""bookmaker"": ""Unibet (SE)"", ""odds"": 1.51, ""stake_pct"": 66.93, ""stake_amount"": 669.27}, ""Draw"": {""bookmaker"": ""Tipico"", ""odds"": 5.2, ""stake_pct"": 19.43, ""stake_amount"": 194.35}, ""SC Freiburg"": {""bookmaker"": ""1xBet"", ""odds"": 7.41, ""stake_pct"": 13.64, ""stake_amount"": 136.38}}"
2026-04-18 10:45 UTC,ARBITRAGE,soccer,Pisa vs Genoa,Serie A - Italy,h2h,0.851,SURE,8.51,"{""Genoa"": {""bookmaker"": ""Betfair"", ""odds"": 2.56, ""stake_pct"": 39.4, ""stake_amount"": 393.98}, ""Draw"": {""bookmaker"": ""GTbets"", ""odds"": 3.26, ""stake_pct"": 30.94, ""stake_amount"": 309.38}, ""Pisa"": {""bookmaker"": ""Unibet (NL)"", ""odds"": 3.4, ""stake_pct"": 29.66, ""stake_amount"": 296.64}}"
2026-04-18 10:45 UTC,ARBITRAGE,soccer,Napoli vs Lazio,Serie A - Italy,h2h,0.797,SURE,7.97,"{""Draw"": {""bookmaker"": ""Winamax (DE)"", ""odds"": 4.2, ""stake_pct"": 24.0, ""stake_amount"": 240.01}, ""Napoli"": {""bookmaker"": ""1xBet"", ""odds"": 1.59, ""stake_pct"": 63.4, ""stake_amount"": 633.99}, ""Lazio"": {""bookmaker"": ""Smarkets"", ""odds"": 8.0, ""stake_pct"": 12.6, ""stake_amount"": 126.0}}"
2026-04-18 10:45 UTC,ARBITRAGE,soccer,Strasbourg vs Rennes,Ligue 1 - France,h2h,0.747,SURE,7.47,"{""Rennes"": {""bookmaker"": ""GTbets"", ""odds"": 2.61, ""stake_pct"": 38.6, ""stake_amount"": 386.02}, ""Strasbourg"": {""bookmaker"": ""Betfair"", ""odds"": 2.86, ""stake_pct"": 35.23, ""stake_amount"": 352.28}, ""Draw"": {""bookmaker"": ""Betfair"", ""odds"": 3.85, ""stake_pct"": 26.17, ""stake_amount"": 261.69}}"
2026-04-18 10:45 UTC,ARBITRAGE,soccer,Atlético Madrid vs Athletic Bilbao,La Liga - Spain,h2h,0.736,SURE,7.36,"{""Atlético Madrid"": {""bookmaker"": ""1xBet"", ""odds"": 2.57, ""stake_pct"": 39.2, ""stake_amount"": 391.99}, ""Athletic Bilbao"": {""bookmaker"": ""Unibet (NL)"", ""odds"": 2.95, ""stake_pct"": 34.15, ""stake_amount"": 341.5}, ""Draw"": {""bookmaker"": ""1xBet"", ""odds"": 3.78, ""stake_pct"": 26.65, ""stake_amount"": 266.51}}"
2026-04-18 10:45 UTC,ARBITRAGE,soccer,Juventus vs Bologna,Serie A - Italy,h2h,0.649,SURE,6.49,"{""Bologna"": {""bookmaker"": ""Betfair"", ""odds"": 7.6, ""stake_pct"": 13.24, ""stake_amount"": 132.44}, ""Juventus"": {""bookmaker"": ""1xBet"", ""odds"": 1.53, ""stake_pct"": 65.79, ""stake_amount"": 657.87}, ""Draw"": {""bookmaker"": ""Betfair"", ""odds"": 4.8, ""stake_pct"": 20.97, ""stake_amount"": 209.69}}"
2026-04-18 10:45 UTC,ARBITRAGE,soccer,Hellas Verona vs Lecce,Serie A - Italy,h2h,0.644,SURE,6.44,"{""Lecce"": {""bookmaker"": ""Unibet (NL)"", ""odds"": 3.75, ""stake_pct"": 26.84, ""stake_amount"": 268.4}, ""Draw"": {""bookmaker"": ""1xBet"", ""odds"": 3.38, ""stake_pct"": 29.78, ""stake_amount"": 297.78}, ""Hellas Verona"": {""bookmaker"": ""Betfair"", ""odds"": 2.32, ""stake_pct"": 43.38, ""stake_amount"": 433.83}}"
2026-04-18 10:45 UTC,ARBITRAGE,soccer,AS Monaco vs Auxerre,Ligue 1 - France,h2h,0.609,SURE,6.09,"{""AS Monaco"": {""bookmaker"": ""GTbets"", ""odds"": 1.6, ""stake_pct"": 62.88, ""stake_amount"": 628.83}, ""Draw"": {""bookmaker"": ""Unibet (FR)"", ""odds"": 4.6, ""stake_pct"": 21.87, ""stake_amount"": 218.72}, ""Auxerre"": {""bookmaker"": ""Betfair"", ""odds"": 6.6, ""stake_pct"": 15.24, ""stake_amount"": 152.44}}"
2026-04-18 10:45 UTC,ARBITRAGE,soccer,Girona vs Real Betis,La Liga - Spain,h2h,0.561,SURE,5.61,"{""Girona"": {""bookmaker"": ""1xBet"", ""odds"": 2.78, ""stake_pct"": 36.17, ""stake_amount"": 361.74}, ""Draw"": {""bookmaker"": ""Unibet (SE)"", ""odds"": 3.45, ""stake_pct"": 29.15, ""stake_amount"": 291.49}, ""Real Betis"": {""bookmaker"": ""Unibet (SE)"", ""odds"": 2.9, ""stake_pct"": 34.68, ""stake_amount"": 346.77}}"
2026-04-18 10:45 UTC,ARBITRAGE,soccer,Lorient vs Strasbourg,Ligue 1 - France,h2h,0.52,SURE,5.2,"{""Strasbourg"": {""bookmaker"": ""1xBet"", ""odds"": 2.47, ""stake_pct"": 40.7, ""stake_amount"": 406.98}, ""Draw"": {""bookmaker"": ""1xBet"", ""odds"": 3.67, ""stake_pct"": 27.39, ""stake_amount"": 273.9}, ""Lorient"": {""bookmaker"": ""Unibet (NL)"", ""odds"": 3.15, ""stake_pct"": 31.91, ""stake_amount"": 319.12}}"
2026-04-18 10:45 UTC,VALUE_BET,basketball,Panathinaikos vs AS Monaco,Basketball Euroleague,h2h,29.5,ALTA,21.07,AS Monaco@4.5 (Paddy Power)
2026-04-18 10:45 UTC,VALUE_BET,basketball,Panathinaikos vs AS Monaco,Basketball Euroleague,h2h,29.5,ALTA,21.07,AS Monaco@4.5 (Coolbet)
2026-04-18 10:45 UTC,VALUE_BET,basketball,Panathinaikos vs AS Monaco,Basketball Euroleague,h2h,29.5,ALTA,21.07,AS Monaco@4.5 (Betway)
2026-04-18 10:45 UTC,VALUE_BET,basketball,Panathinaikos vs AS Monaco,Basketball Euroleague,h2h,25.47,ALTA,18.95,AS Monaco@4.36 (1xBet)
2026-04-18 10:45 UTC,VALUE_BET,basketball,Panathinaikos vs AS Monaco,Basketball Euroleague,h2h,24.61,ALTA,18.47,AS Monaco@4.33 (BoyleSports)
2026-04-18 10:45 UTC,VALUE_BET,basketball,Panathinaikos vs AS Monaco,Basketball Euroleague,h2h,24.61,ALTA,18.47,AS Monaco@4.33 (Marathon Bet)
2026-04-18 10:45 UTC,VALUE_BET,basketball,Panathinaikos vs AS Monaco,Basketball Euroleague,h2h,23.74,ALTA,17.99,AS Monaco@4.3 (MyBookie.ag)
2026-04-18 10:45 UTC,VALUE_BET,basketball,Panathinaikos vs AS Monaco,Basketball Euroleague,h2h,23.74,ALTA,17.99,AS Monaco@4.3 (Winamax (DE))
2026-04-18 10:45 UTC,VALUE_BET,soccer,Fiorentina vs Sassuolo,Serie A - Italy,h2h,16.45,ALTA,11.12,Sassuolo@4.7 (BetOnline.ag)
2026-04-18 10:45 UTC,VALUE_BET,soccer,Torino vs Inter Milan,Serie A - Italy,h2h,14.67,ALTA,9.17,Draw@5.0 (Tipico)
2026-04-18 10:45 UTC,VALUE_BET,hockey,Vegas Golden Knights vs Utah Mammoth,NHL,h2h,14.55,ALTA,17.15,Utah Mammoth@3.12 (1xBet)
2026-04-18 10:45 UTC,VALUE_BET,hockey,Edmonton Oilers vs Anaheim Ducks,NHL,h2h,14.44,ALTA,16.26,Anaheim Ducks@3.22 (Coolbet)
2026-04-18 10:45 UTC,VALUE_BET,hockey,Edmonton Oilers vs Anaheim Ducks,NHL,h2h,14.08,ALTA,15.93,Anaheim Ducks@3.21 (1xBet)
2026-04-18 10:45 UTC,VALUE_BET,hockey,Vegas Golden Knights vs Utah Mammoth,NHL,h2h,13.81,ALTA,16.44,Utah Mammoth@3.1 (Unibet (SE))
2026-04-18 10:45 UTC,VALUE_BET,hockey,Vegas Golden Knights vs Utah Mammoth,NHL,h2h,13.81,ALTA,16.44,Utah Mammoth@3.1 (LeoVegas (SE))
2026-04-18 18:56 UTC,ARBITRAGE,soccer,Angers vs Le Havre,Ligue 1 - France,h2h,11.556,SURE,115.56,"{""Draw"": {""bookmaker"": ""Suprabets"", ""odds"": 1.23, ""stake_pct"": 91.92, ""stake_amount"": 919.24}, ""Le Havre"": {""bookmaker"": ""Matchbook"", ""odds"": 42.0, ""stake_pct"": 2.69, ""stake_amount"": 26.92}, ""Angers"": {""bookmaker"": ""LiveScore Bet"", ""odds"": 21.0, ""stake_pct"": 5.38, ""stake_amount"": 53.84}}"
2026-04-18 18:56 UTC,ARBITRAGE,soccer,Angers vs Le Havre,Ligue 1 - France,totals,9.948,SURE,99.48,"{""Under 2.5"": {""bookmaker"": ""Pinnacle"", ""odds"": 1.21, ""stake_pct"": 91.77, ""stake_amount"": 917.74}, ""Over 2.5"": {""bookmaker"": ""Betsson"", ""odds"": 13.5, ""stake_pct"": 8.23, ""stake_amount"": 82.26}}"
2026-04-18 18:56 UTC,ARBITRAGE,soccer,VfB Stuttgart vs Werder Bremen,Bundesliga - Germany,h2h,2.513,SURE,25.13,"{""Draw"": {""bookmaker"": ""Unibet (NL)"", ""odds"": 4.5, ""stake_pct"": 22.8, ""stake_amount"": 227.95}, ""VfB Stuttgart"": {""bookmaker"": ""1xBet"", ""odds"": 1.67, ""stake_pct"": 61.42, ""stake_amount"": 614.24}, ""Werder Bremen"": {""bookmaker"": ""BetOnline.ag"", ""odds"": 6.5, ""stake_pct"": 15.78, ""stake_amount"": 157.81}}"
2026-04-18 18:56 UTC,ARBITRAGE,soccer,Getafe vs Barcelona,La Liga - Spain,h2h,2.344,SURE,23.44,"{""Draw"": {""bookmaker"": ""1xBet"", ""odds"": 4.78, ""stake_pct"": 21.42, ""stake_amount"": 214.23}, ""Getafe"": {""bookmaker"": ""Betfair"", ""odds"": 6.2, ""stake_pct"": 16.52, ""stake_amount"": 165.16}, ""Barcelona"": {""bookmaker"": ""Unibet (NL)"", ""odds"": 1.65, ""stake_pct"": 62.06, ""stake_amount"": 620.61}}"
2026-04-18 18:56 UTC,ARBITRAGE,soccer,Hamburger SV vs TSG Hoffenheim,Bundesliga - Germany,h2h,1.866,SURE,18.66,"{""Draw"": {""bookmaker"": ""1xBet"", ""odds"": 4.21, ""stake_pct"": 24.2, ""stake_amount"": 242.05}, ""Hamburger SV"": {""bookmaker"": ""1xBet"", ""odds"": 4.02, ""stake_pct"": 25.35, ""stake_amount"": 253.49}, ""TSG Hoffenheim"": {""bookmaker"": ""Unibet (NL)"", ""odds"": 2.02, ""stake_pct"": 50.45, ""stake_amount"": 504.47}}"
2026-04-18 18:56 UTC,ARBITRAGE,soccer,Nottingham Forest vs Burnley,EPL,h2h,1.387,SURE,13.87,"{""Draw"": {""bookmaker"": ""Unibet (NL)"", ""odds"": 4.7, ""stake_pct"": 21.58, ""stake_amount"": 215.76}, ""Nottingham Forest"": {""bookmaker"": ""GTbets"", ""odds"": 1.55, ""stake_pct"": 65.42, ""stake_amount"": 654.23}, ""Burnley"": {""bookmaker"": ""Betfair"", ""odds"": 7.8, ""stake_pct"": 13.0, ""stake_amount"": 130.01}}"
2026-04-18 18:56 UTC,ARBITRAGE,soccer,Borussia Dortmund vs SC Freiburg,Bundesliga - Germany,h2h,1.386,SURE,13.86,"{""Draw"": {""bookmaker"": ""Tipico"", ""odds"": 5.2, ""stake_pct"": 19.5, ""stake_amount"": 195.01}, ""SC Freiburg"": {""bookmaker"": ""Betfair"", ""odds"": 7.6, ""stake_pct"": 13.34, ""stake_amount"": 133.43}, ""Borussia Dortmund"": {""bookmaker"": ""Unibet (SE)"", ""odds"": 1.51, ""stake_pct"": 67.16, ""stake_amount"": 671.56}}"
2026-04-18 18:56 UTC,ARBITRAGE,soccer,FSV Mainz 05 vs Bayern Munich,Bundesliga - Germany,h2h,1.185,SURE,11.85,"{""FSV Mainz 05"": {""bookmaker"": ""Unibet (SE)"", ""odds"": 6.25, ""stake_pct"": 16.19, ""stake_amount"": 161.92}, ""Draw"": {""bookmaker"": ""1xBet"", ""odds"": 5.23, ""stake_pct"": 19.35, ""stake_amount"": 193.5}, ""Bayern Munich"": {""bookmaker"": ""Betfair"", ""odds"": 1.57, ""stake_pct"": 64.46, ""stake_amount"": 644.58}}"
2026-04-18 18:56 UTC,ARBITRAGE,soccer,Pisa vs Genoa,Serie A - Italy,h2h,1.131,SURE,11.31,"{""Draw"": {""bookmaker"": ""1xBet"", ""odds"": 3.29, ""stake_pct"": 30.74, ""stake_amount"": 307.43}, ""Genoa"": {""bookmaker"": ""Betfair"", ""odds"": 2.56, ""stake_pct"": 39.51, ""stake_amount"": 395.09}, ""Pisa"": {""bookmaker"": ""Unibet (NL)"", ""odds"": 3.4, ""stake_pct"": 29.75, ""stake_amount"": 297.48}}"
2026-04-18 18:56 UTC,ARBITRAGE,soccer,Fiorentina vs Sassuolo,Serie A - Italy,h2h,1.049,SURE,10.49,"{""Draw"": {""bookmaker"": ""Unibet (SE)"", ""odds"": 3.55, ""stake_pct"": 28.47, ""stake_amount"": 284.68}, ""Fiorentina"": {""bookmaker"": ""Nordic Bet"", ""odds"": 2.02, ""stake_pct"": 50.03, ""stake_amount"": 500.3}, ""Sassuolo"": {""bookmaker"": ""BetOnline.ag"", ""odds"": 4.7, ""stake_pct"": 21.5, ""stake_amount"": 215.02}}"
2026-04-18 18:56 UTC,ARBITRAGE,soccer,Paris Saint Germain vs Lyon,Ligue 1 - France,h2h,1.018,SURE,10.18,"{""Draw"": {""bookmaker"": ""Unibet (FR)"", ""odds"": 6.5, ""stake_pct"": 15.54, ""stake_amount"": 155.43}, ""Lyon"": {""bookmaker"": ""Matchbook"", ""odds"": 10.5, ""stake_pct"": 9.62, ""stake_amount"": 96.22}, ""Paris Saint Germain"": {""bookmaker"": ""1xBet"", ""odds"": 1.35, ""stake_pct"": 74.84, ""stake_amount"": 748.36}}"
2026-04-18 18:56 UTC,ARBITRAGE,soccer,Rayo Vallecano vs Espanyol,La Liga - Spain,h2h,0.901,SURE,9.01,"{""Draw"": {""bookmaker"": ""Betfair"", ""odds"": 3.35, ""stake_pct"": 30.12, ""stake_amount"": 301.22}, ""Rayo Vallecano"": {""bookmaker"": ""1xBet"", ""odds"": 2.26, ""stake_pct"": 44.65, ""stake_amount"": 446.5}, ""Espanyol"": {""bookmaker"": ""Coolbet"", ""odds"": 4.0, ""stake_pct"": 25.23, ""stake_amount"": 252.27}}"
2026-04-18 18:56 UTC,ARBITRAGE,soccer,Cagliari vs Atalanta BC,Serie A - Italy,h2h,0.807,SURE,8.07,"{""Draw"": {""bookmaker"": ""BetOnline.ag"", ""odds"": 4.15, ""stake_pct"": 24.29, ""stake_amount"": 242.92}, ""Cagliari"": {""bookmaker"": ""Unibet (SE)"", ""odds"": 5.2, ""stake_pct"": 19.39, ""stake_amount"": 193.87}, ""Atalanta BC"": {""bookmaker"": ""1xBet"", ""odds"": 1.79, ""stake_pct"": 56.32, ""stake_amount"": 563.2}}"
2026-04-18 18:56 UTC,ARBITRAGE,soccer,Manchester United vs Brentford,EPL,h2h,0.659,SURE,6.59,"{""Draw"": {""bookmaker"": ""1xBet"", ""odds"": 4.12, ""stake_pct"": 24.43, ""stake_amount"": 244.33}, ""Manchester United"": {""bookmaker"": ""Betfair"", ""odds"": 1.93, ""stake_pct"": 52.16, ""stake_amount"": 521.57}, ""Brentford"": {""bookmaker"": ""Unibet (SE)"", ""odds"": 4.3, ""stake_pct"": 23.41, ""stake_amount"": 234.1}}"
2026-04-18 18:56 UTC,ARBITRAGE,soccer,Lorient vs Strasbourg,Ligue 1 - France,h2h,0.649,SURE,6.49,"{""Strasbourg"": {""bookmaker"": ""1xBet"", ""odds"": 2.46, ""stake_pct"": 40.92, ""stake_amount"": 409.16}, ""Draw"": {""bookmaker"": ""1xBet"", ""odds"": 3.71, ""stake_pct"": 27.13, ""stake_amount"": 271.3}, ""Lorient"": {""bookmaker"": ""Unibet (NL)"", ""odds"": 3.15, ""stake_pct"": 31.95, ""stake_amount"": 319.54}}"
2026-04-18 18:56 UTC,ARBITRAGE,soccer,Hellas Verona vs Lecce,Serie A - Italy,h2h,0.644,SURE,6.44,"{""Draw"": {""bookmaker"": ""1xBet"", ""odds"": 3.38, ""stake_pct"": 29.78, ""stake_amount"": 297.78}, ""Lecce"": {""bookmaker"": ""Unibet (NL)"", ""odds"": 3.75, ""stake_pct"": 26.84, ""stake_amount"": 268.4}, ""Hellas Verona"": {""bookmaker"": ""Betfair"", ""odds"": 2.32, ""stake_pct"": 43.38, ""stake_amount"": 433.83}}"
2026-04-18 18:56 UTC,ARBITRAGE,soccer,Lille vs Nice,Ligue 1 - France,h2h,0.58,SURE,5.8,"{""Draw"": {""bookmaker"": ""1xBet"", ""odds"": 4.85, ""stake_pct"": 20.74, ""stake_amount"": 207.39}, ""Lille"": {""bookmaker"": ""Unibet (SE)"", ""odds"": 1.55, ""stake_pct"": 64.89, ""stake_amount"": 648.92}, ""Nice"": {""bookmaker"": ""Betfair"", ""odds"": 7.0, ""stake_pct"": 14.37, ""stake_amount"": 143.69}}"
2026-04-18 18:56 UTC,ARBITRAGE,soccer,Girona vs Real Betis,La Liga - Spain,h2h,0.561,SURE,5.61,"{""Draw"": {""bookmaker"": ""Unibet (SE)"", ""odds"": 3.45, ""stake_pct"": 29.15, ""stake_amount"": 291.49}, ""Real Betis"": {""bookmaker"": ""Unibet (SE)"", ""odds"": 2.9, ""stake_pct"": 34.68, ""stake_amount"": 346.77}, ""Girona"": {""bookmaker"": ""1xBet"", ""odds"": 2.78, ""stake_pct"": 36.17, ""stake_amount"": 361.74}}"
2026-04-18 18:56 UTC,ARBITRAGE,soccer,Juventus vs Bologna,Serie A - Italy,h2h,0.557,SURE,5.57,"{""Bologna"": {""bookmaker"": ""Smarkets"", ""odds"": 7.8, ""stake_pct"": 12.89, ""stake_amount"": 128.92}, ""Draw"": {""bookmaker"": ""Betfair"", ""odds"": 4.8, ""stake_pct"": 20.95, ""stake_amount"": 209.5}, ""Juventus"": {""bookmaker"": ""1xBet"", ""odds"": 1.52, ""stake_pct"": 66.16, ""stake_amount"": 661.58}}"
2026-04-18 18:56 UTC,ARBITRAGE,soccer,Genoa vs Como,Serie A - Italy,h2h,0.51,SURE,5.1,"{""Draw"": {""bookmaker"": ""BetOnline.ag"", ""odds"": 3.75, ""stake_pct"": 26.8, ""stake_amount"": 268.03}, ""Genoa"": {""bookmaker"": ""Betfair"", ""odds"": 4.7, ""stake_pct"": 21.39, ""stake_amount"": 213.86}, ""Como"": {""bookmaker"": ""1xBet"", ""odds"": 1.94, ""stake_pct"": 51.81, ""stake_amount"": 518.11}}"
2026-04-18 18:56 UTC,ARBITRAGE,basketball,San Antonio Spurs vs Portland Trail Blazers,NBA,h2h,0.489,SURE,4.89,"{""Portland Trail Blazers"": {""bookmaker"": ""Betfair"", ""odds"": 5.7, ""stake_pct"": 17.63, ""stake_amount"": 176.3}, ""San Antonio Spurs"": {""bookmaker"": ""1xBet"", ""odds"": 1.22, ""stake_pct"": 82.37, ""stake_amount"": 823.7}}"
2026-04-18 18:56 UTC,VALUE_BET,hockey,Carolina Hurricanes vs Ottawa Senators,NHL,h2h,22.85,ALTA,25.16,Ottawa Senators@3.27 (1xBet)
2026-04-18 18:56 UTC,VALUE_BET,hockey,Edmonton Oilers vs Anaheim Ducks,NHL,h2h,20.74,ALTA,20.74,Anaheim Ducks@3.5 (Unibet (SE))
2026-04-18 18:56 UTC,VALUE_BET,hockey,Edmonton Oilers vs Anaheim Ducks,NHL,h2h,20.74,ALTA,20.74,Anaheim Ducks@3.5 (LeoVegas (SE))
2026-04-18 18:56 UTC,VALUE_BET,soccer,Bournemouth vs Crystal Palace,EPL,h2h,18.34,ALTA,11.85,Crystal Palace@4.87 (1xBet)
2026-04-18 18:56 UTC,VALUE_BET,hockey,Edmonton Oilers vs Anaheim Ducks,NHL,h2h,17.29,ALTA,18.01,Anaheim Ducks@3.4 (Unibet (NL))
2026-04-18 18:56 UTC,VALUE_BET,hockey,Edmonton Oilers vs Anaheim Ducks,NHL,h2h,17.29,ALTA,18.01,Anaheim Ducks@3.4 (Casumo)
2026-04-18 18:56 UTC,VALUE_BET,hockey,Edmonton Oilers vs Anaheim Ducks,NHL,h2h,17.29,ALTA,18.01,Anaheim Ducks@3.4 (Grosvenor)
2026-04-18 18:56 UTC,VALUE_BET,soccer,Bournemouth vs Crystal Palace,EPL,h2h,16.64,ALTA,10.95,Crystal Palace@4.8 (Codere (IT))
2026-04-18 18:56 UTC,VALUE_BET,soccer,Fiorentina vs Sassuolo,Serie A - Italy,h2h,16.45,ALTA,11.12,Sassuolo@4.7 (BetOnline.ag)
2026-04-18 18:56 UTC,VALUE_BET,soccer,Arsenal vs Fulham,EPL,h2h,15.78,ALTA,10.61,Draw@4.72 (1xBet)
2026-04-18 18:56 UTC,VALUE_BET,basketball,Panathinaikos vs AS Monaco,Basketball Euroleague,h2h,15.66,ALTA,11.18,AS Monaco@4.5 (Paddy Power)
2026-04-18 18:56 UTC,VALUE_BET,basketball,Panathinaikos vs AS Monaco,Basketball Euroleague,h2h,15.66,ALTA,11.18,AS Monaco@4.5 (Coolbet)
2026-04-18 18:56 UTC,VALUE_BET,basketball,Panathinaikos vs AS Monaco,Basketball Euroleague,h2h,15.66,ALTA,11.18,AS Monaco@4.5 (Betway)
2026-04-18 18:56 UTC,VALUE_BET,hockey,Edmonton Oilers vs Anaheim Ducks,NHL,h2h,15.56,ALTA,16.55,Anaheim Ducks@3.35 (LeoVegas)
2026-04-18 18:56 UTC,VALUE_BET,soccer,Chelsea vs Nottingham Forest,EPL,h2h,15.55,ALTA,10.89,Nottingham Forest@4.57 (1xBet)
2026-04-19 10:42 UTC,ARBITRAGE,soccer,VfB Stuttgart vs Werder Bremen,Bundesliga - Germany,h2h,3.459,SURE,34.59,"{""Draw"": {""bookmaker"": ""Unibet (SE)"", ""odds"": 4.7, ""stake_pct"": 22.04, ""stake_amount"": 220.39}, ""Werder Bremen"": {""bookmaker"": ""BetOnline.ag"", ""odds"": 6.5, ""stake_pct"": 15.94, ""stake_amount"": 159.36}, ""VfB Stuttgart"": {""bookmaker"": ""1xBet"", ""odds"": 1.67, ""stake_pct"": 62.03, ""stake_amount"": 620.25}}"
2026-04-19 10:42 UTC,ARBITRAGE,soccer,Manchester United vs Brentford,EPL,h2h,1.593,SURE,15.93,"{""Brentford"": {""bookmaker"": ""Unibet (SE)"", ""odds"": 4.3, ""stake_pct"": 23.63, ""stake_amount"": 236.32}, ""Draw"": {""bookmaker"": ""Unibet (SE)"", ""odds"": 4.1, ""stake_pct"": 24.78, ""stake_amount"": 247.85}, ""Manchester United"": {""bookmaker"": ""Betfair"", ""odds"": 1.97, ""stake_pct"": 51.58, ""stake_amount"": 515.83}}"
2026-04-19 10:42 UTC,ARBITRAGE,soccer,Getafe vs Barcelona,La Liga - Spain,h2h,1.541,SURE,15.41,"{""Getafe"": {""bookmaker"": ""Betfred (UK)"", ""odds"": 6.0, ""stake_pct"": 16.93, ""stake_amount"": 169.27}, ""Draw"": {""bookmaker"": ""1xBet"", ""odds"": 4.72, ""stake_pct"": 21.52, ""stake_amount"": 215.18}, ""Barcelona"": {""bookmaker"": ""Unibet (NL)"", ""odds"": 1.65, ""stake_pct"": 61.55, ""stake_amount"": 615.55}}"
2026-04-19 10:42 UTC,ARBITRAGE,soccer,Lecce vs Fiorentina,Serie A - Italy,h2h,1.502,SURE,15.02,"{""Fiorentina"": {""bookmaker"": ""Betfair"", ""odds"": 2.34, ""stake_pct"": 43.39, ""stake_amount"": 433.87}, ""Draw"": {""bookmaker"": ""1xBet"", ""odds"": 3.48, ""stake_pct"": 29.17, ""stake_amount"": 291.74}, ""Lecce"": {""bookmaker"": ""Unibet (SE)"", ""odds"": 3.7, ""stake_pct"": 27.44, ""stake_amount"": 274.39}}"
2026-04-19 10:42 UTC,ARBITRAGE,soccer,Hellas Verona vs Lecce,Serie A - Italy,h2h,1.375,SURE,13.75,"{""Hellas Verona"": {""bookmaker"": ""Betfair"", ""odds"": 2.36, ""stake_pct"": 42.96, ""stake_amount"": 429.63}, ""Draw"": {""bookmaker"": ""1xBet"", ""odds"": 3.38, ""stake_pct"": 30.0, ""stake_amount"": 299.98}, ""Lecce"": {""bookmaker"": ""Betfred (UK)"", ""odds"": 3.75, ""stake_pct"": 27.04, ""stake_amount"": 270.38}}"
2026-04-19 10:42 UTC,ARBITRAGE,soccer,Oviedo vs Villarreal,La Liga - Spain,h2h,1.324,SURE,13.24,"{""Villarreal"": {""bookmaker"": ""Betfair"", ""odds"": 2.1, ""stake_pct"": 48.26, ""stake_amount"": 482.58}, ""Draw"": {""bookmaker"": ""BetOnline.ag"", ""odds"": 3.75, ""stake_pct"": 27.02, ""stake_amount"": 270.24}, ""Oviedo"": {""bookmaker"": ""Unibet (SE)"", ""odds"": 4.1, ""stake_pct"": 24.72, ""stake_amount"": 247.18}}"
2026-04-19 10:42 UTC,ARBITRAGE,soccer,Lorient vs Strasbourg,Ligue 1 - France,h2h,0.904,SURE,9.04,"{""Lorient"": {""bookmaker"": ""Unibet (NL)"", ""odds"": 3.15, ""stake_pct"": 32.04, ""stake_amount"": 320.36}, ""Draw"": {""bookmaker"": ""1xBet"", ""odds"": 3.7, ""stake_pct"": 27.27, ""stake_amount"": 272.74}, ""Strasbourg"": {""bookmaker"": ""1xBet"", ""odds"": 2.48, ""stake_pct"": 40.69, ""stake_amount"": 406.91}}"
2026-04-19 10:42 UTC,ARBITRAGE,soccer,AC Milan vs Juventus,Serie A - Italy,h2h,0.882,SURE,8.82,"{""Juventus"": {""bookmaker"": ""1xBet"", ""odds"": 2.83, ""stake_pct"": 35.65, ""stake_amount"": 356.5}, ""Draw"": {""bookmaker"": ""Betfred (UK)"", ""odds"": 3.5, ""stake_pct"": 28.83, ""stake_amount"": 288.26}, ""AC Milan"": {""bookmaker"": ""Betfair"", ""odds"": 2.84, ""stake_pct"": 35.52, ""stake_amount"": 355.24}}"
2026-04-19 10:42 UTC,ARBITRAGE,soccer,FSV Mainz 05 vs Bayern Munich,Bundesliga - Germany,h2h,0.813,SURE,8.13,"{""FSV Mainz 05"": {""bookmaker"": ""Unibet (SE)"", ""odds"": 6.25, ""stake_pct"": 16.13, ""stake_amount"": 161.31}, ""Draw"": {""bookmaker"": ""1xBet"", ""odds"": 5.13, ""stake_pct"": 19.65, ""stake_amount"": 196.53}, ""Bayern Munich"": {""bookmaker"": ""Betfair"", ""odds"": 1.57, ""stake_pct"": 64.22, ""stake_amount"": 642.16}}"
2026-04-19 10:42 UTC,ARBITRAGE,soccer,Cagliari vs Atalanta BC,Serie A - Italy,h2h,0.749,SURE,7.49,"{""Atalanta BC"": {""bookmaker"": ""1xBet"", ""odds"": 1.79, ""stake_pct"": 56.29, ""stake_amount"": 562.87}, ""Draw"": {""bookmaker"": ""1xBet"", ""odds"": 4.14, ""stake_pct"": 24.34, ""stake_amount"": 243.37}, ""Cagliari"": {""bookmaker"": ""Unibet (SE)"", ""odds"": 5.2, ""stake_pct"": 19.38, ""stake_amount"": 193.76}}"
2026-04-19 10:42 UTC,ARBITRAGE,soccer,Rayo Vallecano vs Espanyol,La Liga - Spain,h2h,0.705,SURE,7.05,"{""Espanyol"": {""bookmaker"": ""Coolbet"", ""odds"": 4.0, ""stake_pct"": 25.18, ""stake_amount"": 251.77}, ""Rayo Vallecano"": {""bookmaker"": ""1xBet"", ""odds"": 2.25, ""stake_pct"": 44.76, ""stake_amount"": 447.6}, ""Draw"": {""bookmaker"": ""Unibet (SE)"", ""odds"": 3.35, ""stake_pct"": 30.06, ""stake_amount"": 300.63}}"
2026-04-19 10:42 UTC,ARBITRAGE,soccer,Brighton and Hove Albion vs Chelsea,EPL,h2h,0.667,SURE,6.67,"{""Chelsea"": {""bookmaker"": ""Betfair"", ""odds"": 2.86, ""stake_pct"": 35.2, ""stake_amount"": 352.0}, ""Draw"": {""bookmaker"": ""BetOnline.ag"", ""odds"": 3.86, ""stake_pct"": 26.08, ""stake_amount"": 260.81}, ""Brighton and Hove Albion"": {""bookmaker"": ""Unibet (NL)"", ""odds"": 2.6, ""stake_pct"": 38.72, ""stake_amount"": 387.2}}"
2026-04-19 10:42 UTC,ARBITRAGE,soccer,Fiorentina vs Sassuolo,Serie A - Italy,h2h,0.647,SURE,6.47,"{""Sassuolo"": {""bookmaker"": ""BetOnline.ag"", ""odds"": 4.7, ""stake_pct"": 21.42, ""stake_amount"": 214.15}, ""Fiorentina"": {""bookmaker"": ""Nordic Bet"", ""odds"": 2.02, ""stake_pct"": 49.83, ""stake_amount"": 498.27}, ""Draw"": {""bookmaker"": ""Winamax (DE)"", ""odds"": 3.5, ""stake_pct"": 28.76, ""stake_amount"": 287.57}}"
2026-04-19 10:42 UTC,ARBITRAGE,soccer,Barcelona vs Celta Vigo,La Liga - Spain,h2h,0.627,SURE,6.27,"{""Celta Vigo"": {""bookmaker"": ""Betfair"", ""odds"": 11.5, ""stake_pct"": 8.75, ""stake_amount"": 87.51}, ""Draw"": {""bookmaker"": ""1xBet"", ""odds"": 7.6, ""stake_pct"": 13.24, ""stake_amount"": 132.41}, ""Barcelona"": {""bookmaker"": ""Unibet (SE)"", ""odds"": 1.29, ""stake_pct"": 78.01, ""stake_amount"": 780.09}}"
2026-04-19 10:42 UTC,ARBITRAGE,soccer,Toulouse vs AS Monaco,Ligue 1 - France,h2h,0.62,SURE,6.2,"{""Draw"": {""bookmaker"": ""1xBet"", ""odds"": 3.81, ""stake_pct"": 26.41, ""stake_amount"": 264.1}, ""Toulouse"": {""bookmaker"": ""1xBet"", ""odds"": 3.33, ""stake_pct"": 30.22, ""stake_amount"": 302.17}, ""AS Monaco"": {""bookmaker"": ""Betsson"", ""odds"": 2.32, ""stake_pct"": 43.37, ""stake_amount"": 433.72}}"
2026-04-19 10:42 UTC,ARBITRAGE,soccer,Girona vs Real Betis,La Liga - Spain,h2h,0.561,SURE,5.61,"{""Draw"": {""bookmaker"": ""Unibet (SE)"", ""odds"": 3.45, ""stake_pct"": 29.15, ""stake_amount"": 291.49}, ""Real Betis"": {""bookmaker"": ""Unibet (SE)"", ""odds"": 2.9, ""stake_pct"": 34.68, ""stake_amount"": 346.77}, ""Girona"": {""bookmaker"": ""1xBet"", ""odds"": 2.78, ""stake_pct"": 36.17, ""stake_amount"": 361.74}}"
2026-04-19 10:42 UTC,ARBITRAGE,soccer,Genoa vs Como,Serie A - Italy,h2h,0.51,SURE,5.1,"{""Draw"": {""bookmaker"": ""BetOnline.ag"", ""odds"": 3.75, ""stake_pct"": 26.8, ""stake_amount"": 268.03}, ""Como"": {""bookmaker"": ""1xBet"", ""odds"": 1.94, ""stake_pct"": 51.81, ""stake_amount"": 518.11}, ""Genoa"": {""bookmaker"": ""Betfair"", ""odds"": 4.7, ""stake_pct"": 21.39, ""stake_amount"": 213.86}}"
2026-04-19 10:42 UTC,VALUE_BET,hockey,Colorado Avalanche vs Los Angeles Kings,NHL,h2h,18.97,ALTA,12.75,Los Angeles Kings@4.72 (1xBet)
2026-04-19 10:42 UTC,VALUE_BET,hockey,Colorado Avalanche vs Los Angeles Kings,NHL,h2h,18.47,ALTA,12.48,Los Angeles Kings@4.7 (Unibet (SE))
2026-04-19 10:42 UTC,VALUE_BET,hockey,Colorado Avalanche vs Los Angeles Kings,NHL,h2h,18.47,ALTA,12.48,Los Angeles Kings@4.7 (LeoVegas (SE))
2026-04-19 10:42 UTC,VALUE_BET,soccer,Manchester United vs Liverpool,EPL,h2h,17.87,ALTA,15.19,Draw@3.94 (1xBet)
2026-04-19 10:42 UTC,VALUE_BET,hockey,Edmonton Oilers vs Anaheim Ducks,NHL,h2h,17.3,ALTA,17.3,Anaheim Ducks@3.5 (Unibet (SE))
2026-04-19 10:42 UTC,VALUE_BET,hockey,Edmonton Oilers vs Anaheim Ducks,NHL,h2h,17.3,ALTA,17.3,Anaheim Ducks@3.5 (LeoVegas (SE))
2026-04-19 10:42 UTC,VALUE_BET,hockey,Colorado Avalanche vs Los Angeles Kings,NHL,h2h,17.21,ALTA,11.79,Los Angeles Kings@4.65 (Marathon Bet)
2026-04-19 10:42 UTC,VALUE_BET,soccer,Manchester United vs Liverpool,EPL,h2h,16.07,ALTA,13.95,Draw@3.88 (Marathon Bet)
2026-04-19 10:42 UTC,VALUE_BET,hockey,Vegas Golden Knights vs Utah Mammoth,NHL,h2h,16.04,ALTA,18.22,Utah Mammoth@3.2 (Unibet (SE))
2026-04-19 10:42 UTC,VALUE_BET,hockey,Vegas Golden Knights vs Utah Mammoth,NHL,h2h,16.04,ALTA,18.22,Utah Mammoth@3.2 (LeoVegas (SE))
2026-04-19 10:42 UTC,VALUE_BET,hockey,Colorado Avalanche vs Los Angeles Kings,NHL,h2h,15.95,ALTA,11.08,Los Angeles Kings@4.6 (Unibet (NL))
2026-04-19 10:42 UTC,VALUE_BET,hockey,Colorado Avalanche vs Los Angeles Kings,NHL,h2h,15.95,ALTA,11.08,Los Angeles Kings@4.6 (Casumo)
2026-04-19 10:42 UTC,VALUE_BET,hockey,Colorado Avalanche vs Los Angeles Kings,NHL,h2h,15.95,ALTA,11.08,Los Angeles Kings@4.6 (Grosvenor)
2026-04-19 10:42 UTC,VALUE_BET,soccer,Fiorentina vs Sassuolo,Serie A - Italy,h2h,15.9,ALTA,10.74,Sassuolo@4.7 (BetOnline.ag)
2026-04-19 10:42 UTC,VALUE_BET,soccer,Chelsea vs Nottingham Forest,EPL,h2h,14.75,ALTA,10.33,Nottingham Forest@4.57 (1xBet)
2026-05-01 11:09 UTC,ARBITRAGE,soccer,Angers vs Strasbourg,Ligue 1 - France,h2h,1.46,SURE,14.6,"{""Draw"": {""bookmaker"": ""Unibet (SE)"", ""odds"": 3.7, ""stake_pct"": 27.43, ""stake_amount"": 274.28}, ""Strasbourg"": {""bookmaker"": ""1xBet"", ""odds"": 2.18, ""stake_pct"": 46.55, ""stake_amount"": 465.51}, ""Angers"": {""bookmaker"": ""Unibet (SE)"", ""odds"": 3.9, ""stake_pct"": 26.02, ""stake_amount"": 260.21}}"
2026-05-01 11:09 UTC,ARBITRAGE,basketball,Boston Celtics vs Philadelphia 76ers,NBA,h2h,1.3,SURE,13.0,"{""Philadelphia 76ers"": {""bookmaker"": ""Betway"", ""odds"": 3.6, ""stake_pct"": 28.14, ""stake_amount"": 281.44}, ""Boston Celtics"": {""bookmaker"": ""Betfair"", ""odds"": 1.41, ""stake_pct"": 71.86, ""stake_amount"": 718.56}}"
2026-05-01 11:09 UTC,ARBITRAGE,soccer,Lecce vs Juventus,Serie A - Italy,h2h,1.281,SURE,12.81,"{""Draw"": {""bookmaker"": ""BetOnline.ag"", ""odds"": 4.48, ""stake_pct"": 22.61, ""stake_amount"": 226.11}, ""Lecce"": {""bookmaker"": ""Unibet (NL)"", ""odds"": 7.0, ""stake_pct"": 14.47, ""stake_amount"": 144.71}, ""Juventus"": {""bookmaker"": ""1xBet"", ""odds"": 1.61, ""stake_pct"": 62.92, ""stake_amount"": 629.18}}"
2026-05-01 11:09 UTC,ARBITRAGE,soccer,Espanyol vs Real Madrid,La Liga - Spain,h2h,1.245,SURE,12.45,"{""Espanyol"": {""bookmaker"": ""Betfair"", ""odds"": 5.0, ""stake_pct"": 20.25, ""stake_amount"": 202.52}, ""Draw"": {""bookmaker"": ""Unibet (NL)"", ""odds"": 4.2, ""stake_pct"": 24.11, ""stake_amount"": 241.1}, ""Real Madrid"": {""bookmaker"": ""1xBet"", ""odds"": 1.82, ""stake_pct"": 55.64, ""stake_amount"": 556.38}}"
2026-05-01 11:09 UTC,ARBITRAGE,soccer,Real Betis vs Oviedo,La Liga - Spain,h2h,0.907,SURE,9.07,"{""Real Betis"": {""bookmaker"": ""Unibet (SE)"", ""odds"": 1.62, ""stake_pct"": 62.29, ""stake_amount"": 622.94}, ""Draw"": {""bookmaker"": ""Betfair"", ""odds"": 4.6, ""stake_pct"": 21.94, ""stake_amount"": 219.38}, ""Oviedo"": {""bookmaker"": ""Smarkets"", ""odds"": 6.4, ""stake_pct"": 15.77, ""stake_amount"": 157.68}}"
2026-05-01 11:09 UTC,ARBITRAGE,soccer,Hamburger SV vs SC Freiburg,Bundesliga - Germany,h2h,0.894,SURE,8.94,"{""Draw"": {""bookmaker"": ""1xBet"", ""odds"": 3.78, ""stake_pct"": 26.69, ""stake_amount"": 266.94}, ""Hamburger SV"": {""bookmaker"": ""Unibet (SE)"", ""odds"": 2.9, ""stake_pct"": 34.79, ""stake_amount"": 347.94}, ""SC Freiburg"": {""bookmaker"": ""1xBet"", ""odds"": 2.62, ""stake_pct"": 38.51, ""stake_amount"": 385.12}}"
2026-05-01 11:09 UTC,ARBITRAGE,soccer,Levante vs CA Osasuna,La Liga - Spain,h2h,0.809,SURE,8.09,"{""Draw"": {""bookmaker"": ""Paddy Power"", ""odds"": 3.3, ""stake_pct"": 30.55, ""stake_amount"": 305.5}, ""CA Osasuna"": {""bookmaker"": ""Unibet (NL)"", ""odds"": 3.05, ""stake_pct"": 33.05, ""stake_amount"": 330.54}, ""Levante"": {""bookmaker"": ""1xBet"", ""odds"": 2.77, ""stake_pct"": 36.4, ""stake_amount"": 363.96}}"
2026-05-01 11:09 UTC,ARBITRAGE,soccer,Bayern Munich vs Paris Saint Germain,UEFA Champions League,h2h,0.803,SURE,8.03,"{""Draw"": {""bookmaker"": ""Betfair"", ""odds"": 5.2, ""stake_pct"": 19.39, ""stake_amount"": 193.86}, ""Paris Saint Germain"": {""bookmaker"": ""1xBet"", ""odds"": 4.32, ""stake_pct"": 23.34, ""stake_amount"": 233.36}, ""Bayern Munich"": {""bookmaker"": ""Unibet (NL)"", ""odds"": 1.76, ""stake_pct"": 57.28, ""stake_amount"": 572.78}}"
2026-05-01 11:09 UTC,ARBITRAGE,soccer,Sassuolo vs AC Milan,Serie A - Italy,h2h,0.77,SURE,7.7,"{""Draw"": {""bookmaker"": ""BetOnline.ag"", ""odds"": 4.28, ""stake_pct"": 23.55, ""stake_amount"": 235.46}, ""AC Milan"": {""bookmaker"": ""1xBet"", ""odds"": 1.79, ""stake_pct"": 56.3, ""stake_amount"": 562.99}, ""Sassuolo"": {""bookmaker"": ""Betfair"", ""odds"": 5.0, ""stake_pct"": 20.16, ""stake_amount"": 201.55}}"
2026-05-01 11:09 UTC,ARBITRAGE,soccer,Torino vs Sassuolo,Serie A - Italy,h2h,0.707,SURE,7.07,"{""Draw"": {""bookmaker"": ""Unibet (NL)"", ""odds"": 3.45, ""stake_pct"": 29.19, ""stake_amount"": 291.92}, ""Sassuolo"": {""bookmaker"": ""BetOnline.ag"", ""odds"": 3.45, ""stake_pct"": 29.19, ""stake_amount"": 291.92}, ""Torino"": {""bookmaker"": ""Nordic Bet"", ""odds"": 2.42, ""stake_pct"": 41.62, ""stake_amount"": 416.16}}"
2026-05-01 11:09 UTC,ARBITRAGE,soccer,VfL Wolfsburg vs Bayern Munich,Bundesliga - Germany,h2h,0.704,SURE,7.04,"{""Draw"": {""bookmaker"": ""Unibet (NL)"", ""odds"": 4.9, ""stake_pct"": 20.55, ""stake_amount"": 205.53}, ""Bayern Munich"": {""bookmaker"": ""Betfair"", ""odds"": 1.71, ""stake_pct"": 58.89, ""stake_amount"": 588.94}, ""VfL Wolfsburg"": {""bookmaker"": ""Unibet (SE)"", ""odds"": 4.9, ""stake_pct"": 20.55, ""stake_amount"": 205.53}}"
2026-05-01 11:09 UTC,ARBITRAGE,soccer,Inter Milan vs Parma,Serie A - Italy,h2h,0.63,SURE,6.3,"{""Inter Milan"": {""bookmaker"": ""Unibet (NL)"", ""odds"": 1.26, ""stake_pct"": 79.87, ""stake_amount"": 798.69}, ""Parma"": {""bookmaker"": ""Smarkets"", ""odds"": 14.99, ""stake_pct"": 6.71, ""stake_amount"": 67.13}, ""Draw"": {""bookmaker"": ""Tipico"", ""odds"": 7.5, ""stake_pct"": 13.42, ""stake_amount"": 134.18}}"
2026-05-01 11:09 UTC,VALUE_BET,soccer,Hellas Verona vs Como,Serie A - Italy,h2h,15.76,ALTA,10.21,Draw@4.86 (1xBet)
2026-05-01 11:09 UTC,VALUE_BET,hockey,Carolina Hurricanes vs Philadelphia Flyers,NHL,h2h,15.5,ALTA,14.41,Philadelphia Flyers@3.69 (1xBet)
2026-05-01 11:09 UTC,VALUE_BET,hockey,Carolina Hurricanes vs Philadelphia Flyers,NHL,h2h,14.25,ALTA,13.44,Philadelphia Flyers@3.65 (Winamax (DE))
2026-05-01 11:09 UTC,VALUE_BET,hockey,Carolina Hurricanes vs Philadelphia Flyers,NHL,h2h,14.25,ALTA,13.44,Philadelphia Flyers@3.65 (Coolbet)
2026-05-01 11:09 UTC,VALUE_BET,hockey,Carolina Hurricanes vs Philadelphia Flyers,NHL,h2h,13.94,ALTA,13.2,Philadelphia Flyers@3.64 (Marathon Bet)
2026-05-01 11:09 UTC,VALUE_BET,soccer,Athletic Bilbao vs Valencia,La Liga - Spain,h2h,13.36,ALTA,9.03,Valencia@4.7 (Unibet (NL))
2026-05-01 11:09 UTC,VALUE_BET,soccer,Athletic Bilbao vs Valencia,La Liga - Spain,h2h,13.36,ALTA,9.03,Valencia@4.7 (Unibet (SE))
2026-05-01 11:09 UTC,VALUE_BET,soccer,Hellas Verona vs Como,Serie A - Italy,h2h,13.14,ALTA,8.76,Draw@4.75 (Marathon Bet)
2026-05-01 11:09 UTC,VALUE_BET,hockey,Montréal Canadiens vs Tampa Bay Lightning,NHL,h2h,13.08,ALTA,20.06,Montréal Canadiens@2.63 (LeoVegas (SE))
2026-05-01 11:09 UTC,VALUE_BET,hockey,Montréal Canadiens vs Tampa Bay Lightning,NHL,h2h,13.08,ALTA,20.06,Montréal Canadiens@2.63 (Unibet (SE))
2026-05-01 11:09 UTC,VALUE_BET,hockey,Montréal Canadiens vs Tampa Bay Lightning,NHL,h2h,12.8,ALTA,21.33,Tampa Bay Lightning@2.5 (Tipico)
2026-05-01 11:09 UTC,VALUE_BET,hockey,Carolina Hurricanes vs Philadelphia Flyers,NHL,h2h,12.68,ALTA,12.2,Philadelphia Flyers@3.6 (Winamax (FR))
2026-05-01 11:09 UTC,VALUE_BET,hockey,Carolina Hurricanes vs Philadelphia Flyers,NHL,h2h,12.68,ALTA,12.2,Philadelphia Flyers@3.6 (Unibet (UK))
2026-05-01 11:09 UTC,VALUE_BET,hockey,Carolina Hurricanes vs Philadelphia Flyers,NHL,h2h,12.68,ALTA,12.2,Philadelphia Flyers@3.6 (LeoVegas (SE))
2026-05-01 11:09 UTC,VALUE_BET,hockey,Carolina Hurricanes vs Philadelphia Flyers,NHL,h2h,12.68,ALTA,12.2,Philadelphia Flyers@3.6 (Unibet (SE))
2026-05-01 19:16 UTC,ARBITRAGE,basketball,Real Madrid vs Hapoel Tel Aviv,Basketball Euroleague,h2h,6.318,SURE,63.18,"{""Real Madrid"": {""bookmaker"": ""William Hill"", ""odds"": 1.35, ""stake_pct"": 79.07, ""stake_amount"": 790.7}, ""Hapoel Tel Aviv"": {""bookmaker"": ""Winamax (DE)"", ""odds"": 5.1, ""stake_pct"": 20.93, ""stake_amount"": 209.3}}"
2026-05-01 19:16 UTC,ARBITRAGE,soccer,Pisa vs Lecce,Serie A - Italy,h2h,5.895,SURE,58.95,"{""Lecce"": {""bookmaker"": ""Betfair"", ""odds"": 3.0, ""stake_pct"": 35.42, ""stake_amount"": 354.21}, ""Pisa"": {""bookmaker"": ""Pinnacle"", ""odds"": 3.77, ""stake_pct"": 28.19, ""stake_amount"": 281.87}, ""Draw"": {""bookmaker"": ""Matchbook"", ""odds"": 2.92, ""stake_pct"": 36.39, ""stake_amount"": 363.92}}"
2026-05-01 19:16 UTC,ARBITRAGE,soccer,Pisa vs Lecce,Serie A - Italy,totals,1.951,SURE,19.51,"{""Under 1.5"": {""bookmaker"": ""Pinnacle"", ""odds"": 2.06, ""stake_pct"": 49.51, ""stake_amount"": 495.1}, ""Over 1.5"": {""bookmaker"": ""Matchbook"", ""odds"": 2.02, ""stake_pct"": 50.49, ""stake_amount"": 504.9}}"
2026-05-01 19:16 UTC,ARBITRAGE,soccer,Angers vs Strasbourg,Ligue 1 - France,h2h,1.46,SURE,14.6,"{""Draw"": {""bookmaker"": ""Unibet (SE)"", ""odds"": 3.7, ""stake_pct"": 27.43, ""stake_amount"": 274.28}, ""Angers"": {""bookmaker"": ""Unibet (SE)"", ""odds"": 3.9, ""stake_pct"": 26.02, ""stake_amount"": 260.21}, ""Strasbourg"": {""bookmaker"": ""1xBet"", ""odds"": 2.18, ""stake_pct"": 46.55, ""stake_amount"": 465.51}}"
2026-05-01 19:16 UTC,ARBITRAGE,soccer,Lecce vs Juventus,Serie A - Italy,h2h,1.281,SURE,12.81,"{""Lecce"": {""bookmaker"": ""Unibet (NL)"", ""odds"": 7.0, ""stake_pct"": 14.47, ""stake_amount"": 144.71}, ""Juventus"": {""bookmaker"": ""1xBet"", ""odds"": 1.61, ""stake_pct"": 62.92, ""stake_amount"": 629.18}, ""Draw"": {""bookmaker"": ""BetOnline.ag"", ""odds"": 4.48, ""stake_pct"": 22.61, ""stake_amount"": 226.11}}"
2026-05-01 19:16 UTC,ARBITRAGE,soccer,Espanyol vs Real Madrid,La Liga - Spain,h2h,1.117,SURE,11.17,"{""Espanyol"": {""bookmaker"": ""Smarkets"", ""odds"": 4.9, ""stake_pct"": 20.64, ""stake_amount"": 206.39}, ""Draw"": {""bookmaker"": ""Unibet (SE)"", ""odds"": 4.25, ""stake_pct"": 23.8, ""stake_amount"": 237.95}, ""Real Madrid"": {""bookmaker"": ""1xBet"", ""odds"": 1.82, ""stake_pct"": 55.57, ""stake_amount"": 555.66}}"
2026-05-01 19:16 UTC,ARBITRAGE,soccer,Hamburger SV vs SC Freiburg,Bundesliga - Germany,h2h,0.894,SURE,8.94,"{""Draw"": {""bookmaker"": ""1xBet"", ""odds"": 3.78, ""stake_pct"": 26.69, ""stake_amount"": 266.94}, ""Hamburger SV"": {""bookmaker"": ""Unibet (SE)"", ""odds"": 2.9, ""stake_pct"": 34.79, ""stake_amount"": 347.94}, ""SC Freiburg"": {""bookmaker"": ""1xBet"", ""odds"": 2.62, ""stake_pct"": 38.51, ""stake_amount"": 385.12}}"
2026-05-01 19:16 UTC,ARBITRAGE,soccer,Inter Milan vs Parma,Serie A - Italy,h2h,0.85,SURE,8.5,"{""Inter Milan"": {""bookmaker"": ""GTbets"", ""odds"": 1.26, ""stake_pct"": 80.05, ""stake_amount"": 800.45}, ""Parma"": {""bookmaker"": ""Betfair"", ""odds"": 15.5, ""stake_pct"": 6.51, ""stake_amount"": 65.07}, ""Draw"": {""bookmaker"": ""Tipico"", ""odds"": 7.5, ""stake_pct"": 13.45, ""stake_amount"": 134.48}}"
2026-05-01 19:16 UTC,ARBITRAGE,soccer,Atalanta BC vs Genoa,Serie A - Italy,h2h,0.831,SURE,8.31,"{""Genoa"": {""bookmaker"": ""Smarkets"", ""odds"": 6.6, ""stake_pct"": 15.28, ""stake_amount"": 152.79}, ""Atalanta BC"": {""bookmaker"": ""GTbets"", ""odds"": 1.64, ""stake_pct"": 61.49, ""stake_amount"": 614.87}, ""Draw"": {""bookmaker"": ""1xBet"", ""odds"": 4.34, ""stake_pct"": 23.23, ""stake_amount"": 232.35}}"
2026-05-01 19:16 UTC,ARBITRAGE,soccer,Torino vs Sassuolo,Serie A - Italy,h2h,0.707,SURE,7.07,"{""Sassuolo"": {""bookmaker"": ""BetOnline.ag"", ""odds"": 3.45, ""stake_pct"": 29.19, ""stake_amount"": 291.92}, ""Draw"": {""bookmaker"": ""Unibet (NL)"", ""odds"": 3.45, ""stake_pct"": 29.19, ""stake_amount"": 291.92}, ""Torino"": {""bookmaker"": ""Nordic Bet"", ""odds"": 2.42, ""stake_pct"": 41.62, ""stake_amount"": 416.16}}"
2026-05-01 19:16 UTC,ARBITRAGE,soccer,Levante vs CA Osasuna,La Liga - Spain,h2h,0.678,SURE,6.78,"{""CA Osasuna"": {""bookmaker"": ""Unibet (NL)"", ""odds"": 3.05, ""stake_pct"": 33.01, ""stake_amount"": 330.11}, ""Levante"": {""bookmaker"": ""1xBet"", ""odds"": 2.76, ""stake_pct"": 36.48, ""stake_amount"": 364.79}, ""Draw"": {""bookmaker"": ""Paddy Power"", ""odds"": 3.3, ""stake_pct"": 30.51, ""stake_amount"": 305.1}}"
2026-05-01 19:16 UTC,ARBITRAGE,soccer,Bournemouth vs Crystal Palace,EPL,h2h,0.644,SURE,6.44,"{""Crystal Palace"": {""bookmaker"": ""Matchbook"", ""odds"": 5.7, ""stake_pct"": 17.66, ""stake_amount"": 176.58}, ""Draw"": {""bookmaker"": ""Unibet (NL)"", ""odds"": 4.35, ""stake_pct"": 23.14, ""stake_amount"": 231.38}, ""Bournemouth"": {""bookmaker"": ""Betfair"", ""odds"": 1.7, ""stake_pct"": 59.2, ""stake_amount"": 592.05}}"
2026-05-01 19:16 UTC,ARBITRAGE,basketball,San Antonio Spurs vs Minnesota Timberwolves,NBA,h2h,0.516,SURE,5.16,"{""Minnesota Timberwolves"": {""bookmaker"": ""Unibet (SE)"", ""odds"": 8.5, ""stake_pct"": 11.83, ""stake_amount"": 118.26}, ""San Antonio Spurs"": {""bookmaker"": ""Betfair"", ""odds"": 1.14, ""stake_pct"": 88.17, ""stake_amount"": 881.74}}"
2026-05-01 19:16 UTC,VALUE_BET,hockey,Carolina Hurricanes vs Philadelphia Flyers,NHL,h2h,17.26,ALTA,14.88,Philadelphia Flyers@3.9 (LeoVegas (SE))
2026-05-01 19:16 UTC,VALUE_BET,hockey,Carolina Hurricanes vs Philadelphia Flyers,NHL,h2h,17.26,ALTA,14.88,Philadelphia Flyers@3.9 (Unibet (SE))
2026-05-01 19:16 UTC,VALUE_BET,soccer,Hellas Verona vs Como,Serie A - Italy,h2h,15.36,ALTA,9.95,Draw@4.86 (1xBet)
2026-05-01 19:16 UTC,VALUE_BET,hockey,Utah Mammoth vs Vegas Golden Knights,NHL,h2h,14.36,ALTA,21.75,Utah Mammoth@2.65 (Unibet (SE))
2026-05-01 19:16 UTC,VALUE_BET,hockey,Utah Mammoth vs Vegas Golden Knights,NHL,h2h,14.36,ALTA,21.75,Utah Mammoth@2.65 (LeoVegas (SE))
2026-05-01 19:16 UTC,VALUE_BET,hockey,Carolina Hurricanes vs Philadelphia Flyers,NHL,h2h,14.25,ALTA,12.73,Philadelphia Flyers@3.8 (Grosvenor)
2026-05-01 19:16 UTC,VALUE_BET,hockey,Carolina Hurricanes vs Philadelphia Flyers,NHL,h2h,14.25,ALTA,12.73,Philadelphia Flyers@3.8 (Unibet (NL))
2026-05-01 19:16 UTC,VALUE_BET,hockey,Carolina Hurricanes vs Philadelphia Flyers,NHL,h2h,14.25,ALTA,12.73,Philadelphia Flyers@3.8 (Casumo)
2026-05-01 19:16 UTC,VALUE_BET,hockey,Carolina Hurricanes vs Philadelphia Flyers,NHL,h2h,14.25,ALTA,12.73,Philadelphia Flyers@3.8 (Coolbet)
2026-05-01 19:16 UTC,VALUE_BET,soccer,Athletic Bilbao vs Valencia,La Liga - Spain,h2h,13.36,ALTA,9.02,Valencia@4.7 (Unibet (NL))
2026-05-01 19:16 UTC,VALUE_BET,soccer,Athletic Bilbao vs Valencia,La Liga - Spain,h2h,13.36,ALTA,9.02,Valencia@4.7 (Unibet (SE))
2026-05-01 19:16 UTC,VALUE_BET,hockey,Boston Bruins vs Buffalo Sabres,NHL,h2h,13.12,ALTA,19.29,Boston Bruins@2.7 (1xBet)
2026-05-01 19:16 UTC,VALUE_BET,soccer,Hellas Verona vs Como,Serie A - Italy,h2h,12.75,ALTA,8.5,Draw@4.75 (Marathon Bet)
2026-05-01 19:16 UTC,VALUE_BET,hockey,Carolina Hurricanes vs Philadelphia Flyers,NHL,h2h,12.75,ALTA,11.59,Philadelphia Flyers@3.75 (LeoVegas)
2026-05-01 19:16 UTC,VALUE_BET,hockey,Carolina Hurricanes vs Philadelphia Flyers,NHL,h2h,12.75,ALTA,11.59,Philadelphia Flyers@3.75 (1xBet)
2026-05-02 10:55 UTC,ARBITRAGE,soccer,Angers vs Strasbourg,Ligue 1 - France,h2h,1.46,SURE,14.6,"{""Angers"": {""bookmaker"": ""Unibet (SE)"", ""odds"": 3.9, ""stake_pct"": 26.02, ""stake_amount"": 260.21}, ""Strasbourg"": {""bookmaker"": ""1xBet"", ""odds"": 2.18, ""stake_pct"": 46.55, ""stake_amount"": 465.51}, ""Draw"": {""bookmaker"": ""Unibet (SE)"", ""odds"": 3.7, ""stake_pct"": 27.43, ""stake_amount"": 274.28}}"
2026-05-02 10:55 UTC,ARBITRAGE,soccer,Lecce vs Juventus,Serie A - Italy,h2h,1.181,SURE,11.81,"{""Draw"": {""bookmaker"": ""BetOnline.ag"", ""odds"": 4.46, ""stake_pct"": 22.69, ""stake_amount"": 226.89}, ""Juventus"": {""bookmaker"": ""1xBet"", ""odds"": 1.61, ""stake_pct"": 62.85, ""stake_amount"": 628.54}, ""Lecce"": {""bookmaker"": ""Unibet (NL)"", ""odds"": 7.0, ""stake_pct"": 14.46, ""stake_amount"": 144.56}}"
2026-05-02 10:55 UTC,ARBITRAGE,soccer,Inter Milan vs Parma,Serie A - Italy,h2h,1.025,SURE,10.25,"{""Inter Milan"": {""bookmaker"": ""GTbets"", ""odds"": 1.26, ""stake_pct"": 80.19, ""stake_amount"": 801.87}, ""Parma"": {""bookmaker"": ""Smarkets"", ""odds"": 15.5, ""stake_pct"": 6.52, ""stake_amount"": 65.18}, ""Draw"": {""bookmaker"": ""Betfair"", ""odds"": 7.6, ""stake_pct"": 13.29, ""stake_amount"": 132.94}}"
2026-05-02 10:55 UTC,ARBITRAGE,soccer,Atalanta BC vs Genoa,Serie A - Italy,h2h,0.992,SURE,9.92,"{""Draw"": {""bookmaker"": ""Winamax (DE)"", ""odds"": 4.5, ""stake_pct"": 22.44, ""stake_amount"": 224.45}, ""Atalanta BC"": {""bookmaker"": ""Unibet (NL)"", ""odds"": 1.6, ""stake_pct"": 63.13, ""stake_amount"": 631.26}, ""Genoa"": {""bookmaker"": ""Betfair"", ""odds"": 7.0, ""stake_pct"": 14.43, ""stake_amount"": 144.29}}"
2026-05-02 10:55 UTC,ARBITRAGE,soccer,Bournemouth vs Crystal Palace,EPL,h2h,0.936,SURE,9.36,"{""Draw"": {""bookmaker"": ""Unibet (NL)"", ""odds"": 4.4, ""stake_pct"": 22.94, ""stake_amount"": 229.42}, ""Bournemouth"": {""bookmaker"": ""Smarkets"", ""odds"": 1.71, ""stake_pct"": 59.03, ""stake_amount"": 590.32}, ""Crystal Palace"": {""bookmaker"": ""Unibet (NL)"", ""odds"": 5.6, ""stake_pct"": 18.03, ""stake_amount"": 180.26}}"
2026-05-02 10:55 UTC,ARBITRAGE,soccer,Hamburger SV vs SC Freiburg,Bundesliga - Germany,h2h,0.894,SURE,8.94,"{""Draw"": {""bookmaker"": ""1xBet"", ""odds"": 3.78, ""stake_pct"": 26.69, ""stake_amount"": 266.94}, ""SC Freiburg"": {""bookmaker"": ""1xBet"", ""odds"": 2.62, ""stake_pct"": 38.51, ""stake_amount"": 385.12}, ""Hamburger SV"": {""bookmaker"": ""Unibet (SE)"", ""odds"": 2.9, ""stake_pct"": 34.79, ""stake_amount"": 347.94}}"
2026-05-02 10:55 UTC,ARBITRAGE,soccer,Bayern Munich vs 1. FC Heidenheim,Bundesliga - Germany,h2h,0.89,SURE,8.9,"{""Draw"": {""bookmaker"": ""Betfair"", ""odds"": 8.0, ""stake_pct"": 12.61, ""stake_amount"": 126.12}, ""Bayern Munich"": {""bookmaker"": ""1xBet"", ""odds"": 1.29, ""stake_pct"": 78.22, ""stake_amount"": 782.15}, ""1. FC Heidenheim"": {""bookmaker"": ""Coolbet"", ""odds"": 11.0, ""stake_pct"": 9.17, ""stake_amount"": 91.73}}"
2026-05-02 10:55 UTC,ARBITRAGE,soccer,Hellas Verona vs Como,Serie A - Italy,h2h,0.852,SURE,8.52,"{""Draw"": {""bookmaker"": ""1xBet"", ""odds"": 4.86, ""stake_pct"": 20.75, ""stake_amount"": 207.53}, ""Hellas Verona"": {""bookmaker"": ""Betfair"", ""odds"": 8.4, ""stake_pct"": 12.01, ""stake_amount"": 120.07}, ""Como"": {""bookmaker"": ""1xBet"", ""odds"": 1.5, ""stake_pct"": 67.24, ""stake_amount"": 672.4}}"
2026-05-02 10:55 UTC,ARBITRAGE,soccer,Wolverhampton Wanderers vs Sunderland,EPL,h2h,0.803,SURE,8.03,"{""Draw"": {""bookmaker"": ""Betfair"", ""odds"": 3.7, ""stake_pct"": 27.25, ""stake_amount"": 272.46}, ""Sunderland"": {""bookmaker"": ""GTbets"", ""odds"": 2.12, ""stake_pct"": 47.55, ""stake_amount"": 475.52}, ""Wolverhampton Wanderers"": {""bookmaker"": ""Unibet (NL)"", ""odds"": 4.0, ""stake_pct"": 25.2, ""stake_amount"": 252.02}}"
2026-05-02 10:55 UTC,ARBITRAGE,soccer,Nantes vs Marseille,Ligue 1 - France,h2h,0.79,SURE,7.9,"{""Draw"": {""bookmaker"": ""Betclic (FR)"", ""odds"": 4.35, ""stake_pct"": 23.17, ""stake_amount"": 231.72}, ""Marseille"": {""bookmaker"": ""Betfair"", ""odds"": 1.82, ""stake_pct"": 55.38, ""stake_amount"": 553.82}, ""Nantes"": {""bookmaker"": ""LeoVegas (SE)"", ""odds"": 4.7, ""stake_pct"": 21.45, ""stake_amount"": 214.46}}"
2026-05-02 10:55 UTC,ARBITRAGE,soccer,Metz vs AS Monaco,Ligue 1 - France,h2h,0.754,SURE,7.54,"{""Draw"": {""bookmaker"": ""Smarkets"", ""odds"": 6.2, ""stake_pct"": 16.25, ""stake_amount"": 162.52}, ""Metz"": {""bookmaker"": ""Smarkets"", ""odds"": 8.2, ""stake_pct"": 12.29, ""stake_amount"": 122.88}, ""AS Monaco"": {""bookmaker"": ""GTbets"", ""odds"": 1.41, ""stake_pct"": 71.46, ""stake_amount"": 714.61}}"
2026-05-02 10:55 UTC,ARBITRAGE,soccer,Torino vs Sassuolo,Serie A - Italy,h2h,0.707,SURE,7.07,"{""Draw"": {""bookmaker"": ""Unibet (NL)"", ""odds"": 3.45, ""stake_pct"": 29.19, ""stake_amount"": 291.92}, ""Sassuolo"": {""bookmaker"": ""BetOnline.ag"", ""odds"": 3.45, ""stake_pct"": 29.19, ""stake_amount"": 291.92}, ""Torino"": {""bookmaker"": ""Nordic Bet"", ""odds"": 2.42, ""stake_pct"": 41.62, ""stake_amount"": 416.16}}"
2026-05-02 10:55 UTC,ARBITRAGE,soccer,Levante vs CA Osasuna,La Liga - Spain,h2h,0.678,SURE,6.78,"{""Levante"": {""bookmaker"": ""1xBet"", ""odds"": 2.76, ""stake_pct"": 36.48, ""stake_amount"": 364.79}, ""Draw"": {""bookmaker"": ""Unibet (UK)"", ""odds"": 3.3, ""stake_pct"": 30.51, ""stake_amount"": 305.1}, ""CA Osasuna"": {""bookmaker"": ""Unibet (NL)"", ""odds"": 3.05, ""stake_pct"": 33.01, ""stake_amount"": 330.11}}"
2026-05-02 10:55 UTC,ARBITRAGE,basketball,Boston Celtics vs Philadelphia 76ers,NBA,h2h,0.638,SURE,6.38,"{""Boston Celtics"": {""bookmaker"": ""Betfair"", ""odds"": 1.4, ""stake_pct"": 71.89, ""stake_amount"": 718.88}, ""Philadelphia 76ers"": {""bookmaker"": ""1xBet"", ""odds"": 3.58, ""stake_pct"": 28.11, ""stake_amount"": 281.12}}"
2026-05-02 10:55 UTC,ARBITRAGE,soccer,Sassuolo vs AC Milan,Serie A - Italy,h2h,0.549,SURE,5.49,"{""Draw"": {""bookmaker"": ""1xBet"", ""odds"": 4.24, ""stake_pct"": 23.72, ""stake_amount"": 237.15}, ""Sassuolo"": {""bookmaker"": ""Betfair"", ""odds"": 5.0, ""stake_pct"": 20.11, ""stake_amount"": 201.1}, ""AC Milan"": {""bookmaker"": ""1xBet"", ""odds"": 1.79, ""stake_pct"": 56.17, ""stake_amount"": 561.74}}"
2026-05-02 10:55 UTC,ARBITRAGE,soccer,Bayern Munich vs Paris Saint Germain,UEFA Champions League,h2h,0.515,SURE,5.15,"{""Draw"": {""bookmaker"": ""Betfair"", ""odds"": 5.3, ""stake_pct"": 18.97, ""stake_amount"": 189.66}, ""Bayern Munich"": {""bookmaker"": ""Betfair"", ""odds"": 1.75, ""stake_pct"": 57.44, ""stake_amount"": 574.39}, ""Paris Saint Germain"": {""bookmaker"": ""1xBet"", ""odds"": 4.26, ""stake_pct"": 23.6, ""stake_amount"": 235.96}}"
2026-05-02 10:55 UTC,VALUE_BET,hockey,Carolina Hurricanes vs Philadelphia Flyers,NHL,h2h,16.57,ALTA,14.29,Philadelphia Flyers@3.9 (LeoVegas (SE))
2026-05-02 10:55 UTC,VALUE_BET,hockey,Carolina Hurricanes vs Philadelphia Flyers,NHL,h2h,16.57,ALTA,14.29,Philadelphia Flyers@3.9 (Unibet (SE))
2026-05-02 10:55 UTC,VALUE_BET,hockey,Carolina Hurricanes vs Philadelphia Flyers,NHL,h2h,15.97,ALTA,13.87,Philadelphia Flyers@3.88 (1xBet)
2026-05-02 10:55 UTC,VALUE_BET,hockey,Colorado Avalanche vs Minnesota Wild,NHL,h2h,15.42,ALTA,15.42,Minnesota Wild@3.5 (Unibet (SE))
2026-05-02 10:55 UTC,VALUE_BET,hockey,Colorado Avalanche vs Minnesota Wild,NHL,h2h,15.42,ALTA,15.42,Minnesota Wild@3.5 (LeoVegas (SE))
2026-05-02 10:55 UTC,VALUE_BET,hockey,Carolina Hurricanes vs Philadelphia Flyers,NHL,h2h,15.08,ALTA,13.23,Philadelphia Flyers@3.85 (Grosvenor)
2026-05-02 10:55 UTC,VALUE_BET,hockey,Carolina Hurricanes vs Philadelphia Flyers,NHL,h2h,15.08,ALTA,13.23,Philadelphia Flyers@3.85 (Unibet (NL))
2026-05-02 10:55 UTC,VALUE_BET,hockey,Carolina Hurricanes vs Philadelphia Flyers,NHL,h2h,15.08,ALTA,13.23,Philadelphia Flyers@3.85 (Casumo)
2026-05-02 10:55 UTC,VALUE_BET,hockey,Carolina Hurricanes vs Philadelphia Flyers,NHL,h2h,15.08,ALTA,13.23,Philadelphia Flyers@3.85 (Coolbet)
2026-05-02 10:55 UTC,VALUE_BET,hockey,Tampa Bay Lightning vs Montréal Canadiens,NHL,h2h,14.98,ALTA,16.72,Montréal Canadiens@3.24 (1xBet)
2026-05-02 10:55 UTC,VALUE_BET,hockey,Carolina Hurricanes vs Philadelphia Flyers,NHL,h2h,14.18,ALTA,12.57,Philadelphia Flyers@3.82 (Marathon Bet)
2026-05-02 10:55 UTC,VALUE_BET,hockey,Colorado Avalanche vs Minnesota Wild,NHL,h2h,14.1,ALTA,14.33,Minnesota Wild@3.46 (1xBet)
2026-05-02 10:55 UTC,VALUE_BET,hockey,Tampa Bay Lightning vs Montréal Canadiens,NHL,h2h,13.56,ALTA,15.41,Montréal Canadiens@3.2 (Marathon Bet)
2026-05-02 10:55 UTC,VALUE_BET,hockey,Colorado Avalanche vs Minnesota Wild,NHL,h2h,12.78,ALTA,13.2,Minnesota Wild@3.42 (Marathon Bet)
2026-05-02 10:55 UTC,VALUE_BET,soccer,Atlético Madrid vs Celta Vigo,La Liga - Spain,h2h,12.15,ALTA,9.07,Celta Vigo@4.35 (Unibet (NL))
2026-05-02 19:04 UTC,ARBITRAGE,soccer,Manchester City vs Brentford,EPL,h2h,1.803,SURE,18.03,"{""Brentford"": {""bookmaker"": ""Betfair"", ""odds"": 9.2, ""stake_pct"": 11.07, ""stake_amount"": 110.69}, ""Manchester City"": {""bookmaker"": ""1xBet"", ""odds"": 1.39, ""stake_pct"": 73.26, ""stake_amount"": 732.64}, ""Draw"": {""bookmaker"": ""BetOnline.ag"", ""odds"": 6.5, ""stake_pct"": 15.67, ""stake_amount"": 156.67}}"
2026-05-02 19:04 UTC,ARBITRAGE,soccer,Angers vs Strasbourg,Ligue 1 - France,h2h,1.46,SURE,14.6,"{""Strasbourg"": {""bookmaker"": ""1xBet"", ""odds"": 2.18, ""stake_pct"": 46.55, ""stake_amount"": 465.51}, ""Angers"": {""bookmaker"": ""Unibet (SE)"", ""odds"": 3.9, ""stake_pct"": 26.02, ""stake_amount"": 260.21}, ""Draw"": {""bookmaker"": ""Unibet (SE)"", ""odds"": 3.7, ""stake_pct"": 27.43, ""stake_amount"": 274.28}}"
2026-05-02 19:04 UTC,ARBITRAGE,basketball,Boston Celtics vs Philadelphia 76ers,NBA,h2h,1.295,SURE,12.95,"{""Boston Celtics"": {""bookmaker"": ""Betfair"", ""odds"": 1.46, ""stake_pct"": 69.39, ""stake_amount"": 693.92}, ""Philadelphia 76ers"": {""bookmaker"": ""1xBet"", ""odds"": 3.31, ""stake_pct"": 30.61, ""stake_amount"": 306.08}}"
2026-05-02 19:04 UTC,ARBITRAGE,soccer,Lecce vs Juventus,Serie A - Italy,h2h,1.181,SURE,11.81,"{""Lecce"": {""bookmaker"": ""Unibet (NL)"", ""odds"": 7.0, ""stake_pct"": 14.46, ""stake_amount"": 144.56}, ""Draw"": {""bookmaker"": ""BetOnline.ag"", ""odds"": 4.46, ""stake_pct"": 22.69, ""stake_amount"": 226.89}, ""Juventus"": {""bookmaker"": ""1xBet"", ""odds"": 1.61, ""stake_pct"": 62.85, ""stake_amount"": 628.54}}"
2026-05-02 19:04 UTC,ARBITRAGE,soccer,AS Roma vs Fiorentina,Serie A - Italy,h2h,1.1,SURE,11.0,"{""AS Roma"": {""bookmaker"": ""GTbets"", ""odds"": 1.69, ""stake_pct"": 59.83, ""stake_amount"": 598.3}, ""Draw"": {""bookmaker"": ""Pinnacle"", ""odds"": 4.39, ""stake_pct"": 23.03, ""stake_amount"": 230.32}, ""Fiorentina"": {""bookmaker"": ""Betfair"", ""odds"": 5.9, ""stake_pct"": 17.14, ""stake_amount"": 171.38}}"
2026-05-02 19:04 UTC,ARBITRAGE,soccer,Bayern Munich vs Paris Saint Germain,UEFA Champions League,h2h,0.951,SURE,9.51,"{""Draw"": {""bookmaker"": ""Betfair"", ""odds"": 5.4, ""stake_pct"": 18.7, ""stake_amount"": 186.96}, ""Bayern Munich"": {""bookmaker"": ""Unibet (FR)"", ""odds"": 1.73, ""stake_pct"": 58.36, ""stake_amount"": 583.58}, ""Paris Saint Germain"": {""bookmaker"": ""1xBet"", ""odds"": 4.4, ""stake_pct"": 22.95, ""stake_amount"": 229.45}}"
2026-05-02 19:04 UTC,ARBITRAGE,soccer,Nice vs RC Lens,Ligue 1 - France,h2h,0.907,SURE,9.07,"{""Nice"": {""bookmaker"": ""Betfair"", ""odds"": 5.3, ""stake_pct"": 19.04, ""stake_amount"": 190.41}, ""RC Lens"": {""bookmaker"": ""GTbets"", ""odds"": 1.73, ""stake_pct"": 58.33, ""stake_amount"": 583.33}, ""Draw"": {""bookmaker"": ""1xBet"", ""odds"": 4.46, ""stake_pct"": 22.63, ""stake_amount"": 226.27}}"
2026-05-02 19:04 UTC,ARBITRAGE,soccer,Juventus vs Hellas Verona,Serie A - Italy,h2h,0.792,SURE,7.92,"{""Draw"": {""bookmaker"": ""1xBet"", ""odds"": 7.6, ""stake_pct"": 13.26, ""stake_amount"": 132.63}, ""Juventus"": {""bookmaker"": ""GTbets"", ""odds"": 1.24, ""stake_pct"": 81.29, ""stake_amount"": 812.89}, ""Hellas Verona"": {""bookmaker"": ""Betfair"", ""odds"": 18.5, ""stake_pct"": 5.45, ""stake_amount"": 54.49}}"
2026-05-02 19:04 UTC,ARBITRAGE,soccer,RC Lens vs Nantes,Ligue 1 - France,h2h,0.771,SURE,7.71,"{""RC Lens"": {""bookmaker"": ""1xBet"", ""odds"": 1.38, ""stake_pct"": 73.03, ""stake_amount"": 730.27}, ""Nantes"": {""bookmaker"": ""Unibet (NL)"", ""odds"": 10.5, ""stake_pct"": 9.6, ""stake_amount"": 95.98}, ""Draw"": {""bookmaker"": ""Unibet (NL)"", ""odds"": 5.8, ""stake_pct"": 17.38, ""stake_amount"": 173.75}}"
2026-05-02 19:04 UTC,ARBITRAGE,soccer,Torino vs Sassuolo,Serie A - Italy,h2h,0.707,SURE,7.07,"{""Torino"": {""bookmaker"": ""Nordic Bet"", ""odds"": 2.42, ""stake_pct"": 41.62, ""stake_amount"": 416.16}, ""Draw"": {""bookmaker"": ""Unibet (NL)"", ""odds"": 3.45, ""stake_pct"": 29.19, ""stake_amount"": 291.92}, ""Sassuolo"": {""bookmaker"": ""BetOnline.ag"", ""odds"": 3.45, ""stake_pct"": 29.19, ""stake_amount"": 291.92}}"
2026-05-02 19:04 UTC,ARBITRAGE,soccer,Manchester United vs Liverpool,EPL,h2h,0.701,SURE,7.01,"{""Manchester United"": {""bookmaker"": ""1xBet"", ""odds"": 2.35, ""stake_pct"": 42.85, ""stake_amount"": 428.53}, ""Draw"": {""bookmaker"": ""Betfair"", ""odds"": 4.0, ""stake_pct"": 25.18, ""stake_amount"": 251.76}, ""Liverpool"": {""bookmaker"": ""Betfair"", ""odds"": 3.15, ""stake_pct"": 31.97, ""stake_amount"": 319.7}}"
2026-05-02 19:04 UTC,ARBITRAGE,soccer,Sassuolo vs AC Milan,Serie A - Italy,h2h,0.66,SURE,6.6,"{""Sassuolo"": {""bookmaker"": ""Betfair"", ""odds"": 5.0, ""stake_pct"": 20.13, ""stake_amount"": 201.33}, ""Draw"": {""bookmaker"": ""1xBet"", ""odds"": 4.26, ""stake_pct"": 23.63, ""stake_amount"": 236.3}, ""AC Milan"": {""bookmaker"": ""1xBet"", ""odds"": 1.79, ""stake_pct"": 56.24, ""stake_amount"": 562.37}}"
2026-05-02 19:04 UTC,ARBITRAGE,soccer,FC St. Pauli vs FSV Mainz 05,Bundesliga - Germany,h2h,0.644,SURE,6.44,"{""FC St. Pauli"": {""bookmaker"": ""Matchbook"", ""odds"": 3.0, ""stake_pct"": 33.55, ""stake_amount"": 335.49}, ""Draw"": {""bookmaker"": ""Betfair"", ""odds"": 3.45, ""stake_pct"": 29.17, ""stake_amount"": 291.73}, ""FSV Mainz 05"": {""bookmaker"": ""Smarkets"", ""odds"": 2.7, ""stake_pct"": 37.28, ""stake_amount"": 372.77}}"
2026-05-02 19:04 UTC,ARBITRAGE,soccer,Hellas Verona vs Como,Serie A - Italy,h2h,0.562,SURE,5.62,"{""Como"": {""bookmaker"": ""1xBet"", ""odds"": 1.5, ""stake_pct"": 67.04, ""stake_amount"": 670.44}, ""Draw"": {""bookmaker"": ""1xBet"", ""odds"": 4.86, ""stake_pct"": 20.69, ""stake_amount"": 206.92}, ""Hellas Verona"": {""bookmaker"": ""Betfair"", ""odds"": 8.2, ""stake_pct"": 12.26, ""stake_amount"": 122.64}}"
2026-05-02 19:04 UTC,ARBITRAGE,soccer,Borussia Dortmund vs Eintracht Frankfurt,Bundesliga - Germany,h2h,0.538,SURE,5.38,"{""Eintracht Frankfurt"": {""bookmaker"": ""Matchbook"", ""odds"": 6.2, ""stake_pct"": 16.22, ""stake_amount"": 162.16}, ""Draw"": {""bookmaker"": ""Tipico"", ""odds"": 5.2, ""stake_pct"": 19.33, ""stake_amount"": 193.35}, ""Borussia Dortmund"": {""bookmaker"": ""Unibet (NL)"", ""odds"": 1.56, ""stake_pct"": 64.45, ""stake_amount"": 644.49}}"
2026-05-02 19:04 UTC,VALUE_BET,hockey,Carolina Hurricanes vs Philadelphia Flyers,NHL,h2h,17.8,ALTA,13.69,Philadelphia Flyers@4.25 (LeoVegas (SE))
2026-05-02 19:04 UTC,VALUE_BET,hockey,Carolina Hurricanes vs Philadelphia Flyers,NHL,h2h,17.8,ALTA,13.69,Philadelphia Flyers@4.25 (Unibet (SE))
2026-05-02 19:04 UTC,VALUE_BET,hockey,Carolina Hurricanes vs Philadelphia Flyers,NHL,h2h,16.41,ALTA,12.82,Philadelphia Flyers@4.2 (Grosvenor)
2026-05-02 19:04 UTC,VALUE_BET,hockey,Carolina Hurricanes vs Philadelphia Flyers,NHL,h2h,16.41,ALTA,12.82,Philadelphia Flyers@4.2 (Unibet (NL))
2026-05-02 19:04 UTC,VALUE_BET,hockey,Carolina Hurricanes vs Philadelphia Flyers,NHL,h2h,16.41,ALTA,12.82,Philadelphia Flyers@4.2 (Casumo)
2026-05-02 19:04 UTC,VALUE_BET,hockey,Carolina Hurricanes vs Philadelphia Flyers,NHL,h2h,16.41,ALTA,12.82,Philadelphia Flyers@4.2 (Coolbet)
2026-05-02 19:04 UTC,VALUE_BET,hockey,Carolina Hurricanes vs Philadelphia Flyers,NHL,h2h,15.31,ALTA,12.11,Philadelphia Flyers@4.16 (1xBet)
2026-05-02 19:04 UTC,VALUE_BET,hockey,Tampa Bay Lightning vs Montréal Canadiens,NHL,h2h,14.53,ALTA,16.51,Montréal Canadiens@3.2 (1xBet)
2026-05-02 19:04 UTC,VALUE_BET,hockey,Colorado Avalanche vs Minnesota Wild,NHL,h2h,14.02,ALTA,14.31,Minnesota Wild@3.45 (Unibet (SE))
2026-05-02 19:04 UTC,VALUE_BET,hockey,Colorado Avalanche vs Minnesota Wild,NHL,h2h,14.02,ALTA,14.31,Minnesota Wild@3.45 (LeoVegas (SE))
2026-05-02 19:04 UTC,VALUE_BET,hockey,Carolina Hurricanes vs Philadelphia Flyers,NHL,h2h,13.64,ALTA,11.0,Philadelphia Flyers@4.1 (LeoVegas)
2026-05-02 19:04 UTC,VALUE_BET,hockey,Carolina Hurricanes vs Philadelphia Flyers,NHL,h2h,13.64,ALTA,11.0,Philadelphia Flyers@4.1 (Marathon Bet)
2026-05-02 19:04 UTC,VALUE_BET,hockey,Tampa Bay Lightning vs Montréal Canadiens,NHL,h2h,12.74,ALTA,14.81,Montréal Canadiens@3.15 (Unibet (SE))
2026-05-02 19:04 UTC,VALUE_BET,hockey,Tampa Bay Lightning vs Montréal Canadiens,NHL,h2h,12.74,ALTA,14.81,Montréal Canadiens@3.15 (LeoVegas (SE))
2026-05-02 19:04 UTC,VALUE_BET,hockey,Tampa Bay Lightning vs Montréal Canadiens,NHL,h2h,12.74,ALTA,14.81,Montréal Canadiens@3.15 (Marathon Bet)
2026-05-03 10:56 UTC,ARBITRAGE,soccer,Bologna vs Cagliari,Serie A - Italy,h2h,2.033,SURE,20.33,"{""Cagliari"": {""bookmaker"": ""Betfair"", ""odds"": 3.95, ""stake_pct"": 25.84, ""stake_amount"": 258.42}, ""Draw"": {""bookmaker"": ""Sky Bet"", ""odds"": 2.9, ""stake_pct"": 35.2, ""stake_amount"": 351.98}, ""Bologna"": {""bookmaker"": ""Matchbook"", ""odds"": 2.62, ""stake_pct"": 38.96, ""stake_amount"": 389.6}}"
2026-05-03 10:56 UTC,ARBITRAGE,soccer,Angers vs Strasbourg,Ligue 1 - France,h2h,1.46,SURE,14.6,"{""Draw"": {""bookmaker"": ""Unibet (SE)"", ""odds"": 3.7, ""stake_pct"": 27.43, ""stake_amount"": 274.28}, ""Angers"": {""bookmaker"": ""Unibet (SE)"", ""odds"": 3.9, ""stake_pct"": 26.02, ""stake_amount"": 260.21}, ""Strasbourg"": {""bookmaker"": ""1xBet"", ""odds"": 2.18, ""stake_pct"": 46.55, ""stake_amount"": 465.51}}"
2026-05-03 10:56 UTC,ARBITRAGE,soccer,AS Roma vs Fiorentina,Serie A - Italy,h2h,1.434,SURE,14.34,"{""AS Roma"": {""bookmaker"": ""GTbets"", ""odds"": 1.69, ""stake_pct"": 60.03, ""stake_amount"": 600.33}, ""Fiorentina"": {""bookmaker"": ""Betfair"", ""odds"": 6.0, ""stake_pct"": 16.91, ""stake_amount"": 169.09}, ""Draw"": {""bookmaker"": ""Betfair"", ""odds"": 4.4, ""stake_pct"": 23.06, ""stake_amount"": 230.58}}"
2026-05-03 10:56 UTC,ARBITRAGE,soccer,Le Havre vs Marseille,Ligue 1 - France,h2h,1.334,SURE,13.34,"{""Marseille"": {""bookmaker"": ""1xBet"", ""odds"": 1.96, ""stake_pct"": 51.71, ""stake_amount"": 517.1}, ""Le Havre"": {""bookmaker"": ""Unibet (NL)"", ""odds"": 4.3, ""stake_pct"": 23.57, ""stake_amount"": 235.7}, ""Draw"": {""bookmaker"": ""Unibet (NL)"", ""odds"": 4.1, ""stake_pct"": 24.72, ""stake_amount"": 247.2}}"
2026-05-03 10:56 UTC,ARBITRAGE,soccer,Lecce vs Juventus,Serie A - Italy,h2h,1.181,SURE,11.81,"{""Juventus"": {""bookmaker"": ""1xBet"", ""odds"": 1.61, ""stake_pct"": 62.85, ""stake_amount"": 628.54}, ""Lecce"": {""bookmaker"": ""Unibet (NL)"", ""odds"": 7.0, ""stake_pct"": 14.46, ""stake_amount"": 144.56}, ""Draw"": {""bookmaker"": ""BetOnline.ag"", ""odds"": 4.46, ""stake_pct"": 22.69, ""stake_amount"": 226.89}}"
2026-05-03 10:56 UTC,ARBITRAGE,soccer,Real Betis vs Oviedo,La Liga - Spain,h2h,1.126,SURE,11.26,"{""Draw"": {""bookmaker"": ""1xBet"", ""odds"": 4.37, ""stake_pct"": 23.14, ""stake_amount"": 231.44}, ""Oviedo"": {""bookmaker"": ""Unibet (NL)"", ""odds"": 6.5, ""stake_pct"": 15.56, ""stake_amount"": 155.6}, ""Real Betis"": {""bookmaker"": ""Betfair"", ""odds"": 1.65, ""stake_pct"": 61.3, ""stake_amount"": 612.96}}"
2026-05-03 10:56 UTC,ARBITRAGE,soccer,Manchester City vs Brentford,EPL,h2h,1.059,SURE,10.59,"{""Manchester City"": {""bookmaker"": ""1xBet"", ""odds"": 1.39, ""stake_pct"": 72.71, ""stake_amount"": 727.12}, ""Draw"": {""bookmaker"": ""Betfair"", ""odds"": 6.2, ""stake_pct"": 16.3, ""stake_amount"": 163.02}, ""Brentford"": {""bookmaker"": ""Betfair"", ""odds"": 9.2, ""stake_pct"": 10.99, ""stake_amount"": 109.86}}"
2026-05-03 10:56 UTC,ARBITRAGE,soccer,Barcelona vs Real Madrid,La Liga - Spain,h2h,0.813,SURE,8.13,"{""Real Madrid"": {""bookmaker"": ""1xBet"", ""odds"": 4.0, ""stake_pct"": 25.21, ""stake_amount"": 252.05}, ""Draw"": {""bookmaker"": ""Betfair"", ""odds"": 4.7, ""stake_pct"": 21.45, ""stake_amount"": 214.51}, ""Barcelona"": {""bookmaker"": ""1xBet"", ""odds"": 1.89, ""stake_pct"": 53.34, ""stake_amount"": 533.44}}"
2026-05-03 10:56 UTC,ARBITRAGE,soccer,Torino vs Sassuolo,Serie A - Italy,h2h,0.707,SURE,7.07,"{""Sassuolo"": {""bookmaker"": ""BetOnline.ag"", ""odds"": 3.45, ""stake_pct"": 29.19, ""stake_amount"": 291.92}, ""Draw"": {""bookmaker"": ""Unibet (NL)"", ""odds"": 3.45, ""stake_pct"": 29.19, ""stake_amount"": 291.92}, ""Torino"": {""bookmaker"": ""Nordic Bet"", ""odds"": 2.42, ""stake_pct"": 41.62, ""stake_amount"": 416.16}}"
2026-05-03 10:56 UTC,ARBITRAGE,soccer,Juventus vs Hellas Verona,Serie A - Italy,h2h,0.641,SURE,6.41,"{""Hellas Verona"": {""bookmaker"": ""Betfair"", ""odds"": 18.0, ""stake_pct"": 5.59, ""stake_amount"": 55.91}, ""Juventus"": {""bookmaker"": ""GTbets"", ""odds"": 1.24, ""stake_pct"": 81.17, ""stake_amount"": 811.66}, ""Draw"": {""bookmaker"": ""Smarkets"", ""odds"": 7.6, ""stake_pct"": 13.24, ""stake_amount"": 132.43}}"
2026-05-03 10:56 UTC,ARBITRAGE,soccer,Borussia Dortmund vs Eintracht Frankfurt,Bundesliga - Germany,h2h,0.628,SURE,6.28,"{""Draw"": {""bookmaker"": ""Tipico"", ""odds"": 5.2, ""stake_pct"": 19.35, ""stake_amount"": 193.52}, ""Borussia Dortmund"": {""bookmaker"": ""1xBet"", ""odds"": 1.55, ""stake_pct"": 64.92, ""stake_amount"": 649.24}, ""Eintracht Frankfurt"": {""bookmaker"": ""Smarkets"", ""odds"": 6.4, ""stake_pct"": 15.72, ""stake_amount"": 157.24}}"
2026-05-03 10:56 UTC,ARBITRAGE,basketball,Detroit Pistons vs Orlando Magic,NBA,h2h,0.609,SURE,6.09,"{""Orlando Magic"": {""bookmaker"": ""Unibet (SE)"", ""odds"": 3.95, ""stake_pct"": 25.47, ""stake_amount"": 254.72}, ""Detroit Pistons"": {""bookmaker"": ""Betfair"", ""odds"": 1.35, ""stake_pct"": 74.53, ""stake_amount"": 745.28}}"
2026-05-03 10:56 UTC,ARBITRAGE,soccer,Bayern Munich vs Paris Saint Germain,UEFA Champions League,h2h,0.529,SURE,5.29,"{""Bayern Munich"": {""bookmaker"": ""Betfair"", ""odds"": 1.75, ""stake_pct"": 57.45, ""stake_amount"": 574.47}, ""Draw"": {""bookmaker"": ""Betfair"", ""odds"": 5.4, ""stake_pct"": 18.62, ""stake_amount"": 186.17}, ""Paris Saint Germain"": {""bookmaker"": ""Unibet (NL)"", ""odds"": 4.2, ""stake_pct"": 23.94, ""stake_amount"": 239.36}}"
2026-05-03 10:56 UTC,ARBITRAGE,basketball,Cleveland Cavaliers vs Toronto Raptors,NBA,h2h,0.509,SURE,5.09,"{""Toronto Raptors"": {""bookmaker"": ""Tipico"", ""odds"": 3.7, ""stake_pct"": 27.17, ""stake_amount"": 271.65}, ""Cleveland Cavaliers"": {""bookmaker"": ""Betfair"", ""odds"": 1.38, ""stake_pct"": 72.83, ""stake_amount"": 728.35}}"
2026-05-03 10:56 UTC,VALUE_BET,hockey,Tampa Bay Lightning vs Montréal Canadiens,NHL,h2h,15.06,ALTA,17.03,Montréal Canadiens@3.21 (1xBet)
2026-05-03 10:56 UTC,VALUE_BET,hockey,Tampa Bay Lightning vs Montréal Canadiens,NHL,h2h,13.27,ALTA,15.35,Montréal Canadiens@3.16 (Marathon Bet)
2026-05-03 10:56 UTC,VALUE_BET,hockey,Tampa Bay Lightning vs Montréal Canadiens,NHL,h2h,12.91,ALTA,15.01,Montréal Canadiens@3.15 (Unibet (SE))
2026-05-03 10:56 UTC,VALUE_BET,hockey,Tampa Bay Lightning vs Montréal Canadiens,NHL,h2h,12.91,ALTA,15.01,Montréal Canadiens@3.15 (LeoVegas (SE))
2026-05-03 10:56 UTC,VALUE_BET,hockey,Colorado Avalanche vs Minnesota Wild,NHL,h2h,12.75,ALTA,13.45,Minnesota Wild@3.37 (1xBet)
2026-05-03 10:56 UTC,VALUE_BET,hockey,Colorado Avalanche vs Minnesota Wild,NHL,h2h,12.08,ALTA,12.85,Minnesota Wild@3.35 (Coolbet)
2026-05-03 10:56 UTC,VALUE_BET,hockey,Colorado Avalanche vs Minnesota Wild,NHL,h2h,12.08,ALTA,12.85,Minnesota Wild@3.35 (Unibet (UK))
2026-05-03 10:56 UTC,VALUE_BET,hockey,Colorado Avalanche vs Minnesota Wild,NHL,h2h,12.08,ALTA,12.85,Minnesota Wild@3.35 (Unibet (SE))
2026-05-03 10:56 UTC,VALUE_BET,hockey,Colorado Avalanche vs Minnesota Wild,NHL,h2h,12.08,ALTA,12.85,Minnesota Wild@3.35 (LeoVegas (SE))
2026-05-03 10:56 UTC,VALUE_BET,hockey,Tampa Bay Lightning vs Montréal Canadiens,NHL,h2h,11.11,ALTA,13.23,Montréal Canadiens@3.1 (Unibet (NL))
2026-05-03 10:56 UTC,VALUE_BET,hockey,Tampa Bay Lightning vs Montréal Canadiens,NHL,h2h,11.11,ALTA,13.23,Montréal Canadiens@3.1 (Casumo)
2026-05-03 10:56 UTC,VALUE_BET,hockey,Tampa Bay Lightning vs Montréal Canadiens,NHL,h2h,11.11,ALTA,13.23,Montréal Canadiens@3.1 (Grosvenor)
2026-05-03 10:56 UTC,VALUE_BET,hockey,Tampa Bay Lightning vs Montréal Canadiens,NHL,h2h,11.11,ALTA,13.23,Montréal Canadiens@3.1 (Coolbet)
2026-05-03 10:56 UTC,VALUE_BET,hockey,Tampa Bay Lightning vs Montréal Canadiens,NHL,h2h,11.11,ALTA,13.23,Montréal Canadiens@3.1 (Unibet (UK))
2026-05-03 10:56 UTC,VALUE_BET,hockey,Tampa Bay Lightning vs Montréal Canadiens,NHL,h2h,11.11,ALTA,13.23,Montréal Canadiens@3.1 (Tipico)
2026-05-03 19:04 UTC,ARBITRAGE,soccer,Rayo Vallecano vs Girona,La Liga - Spain,h2h,3.295,SURE,32.95,"{""Girona"": {""bookmaker"": ""Unibet (NL)"", ""odds"": 3.45, ""stake_pct"": 29.97, ""stake_amount"": 299.73}, ""Rayo Vallecano"": {""bookmaker"": ""1xBet"", ""odds"": 2.48, ""stake_pct"": 41.7, ""stake_amount"": 416.96}, ""Draw"": {""bookmaker"": ""1xBet"", ""odds"": 3.65, ""stake_pct"": 28.33, ""stake_amount"": 283.31}}"
2026-05-03 19:04 UTC,ARBITRAGE,soccer,Atlético Madrid vs Celta Vigo,La Liga - Spain,h2h,2.152,SURE,21.52,"{""Atlético Madrid"": {""bookmaker"": ""Betfair"", ""odds"": 2.06, ""stake_pct"": 49.61, ""stake_amount"": 496.11}, ""Celta Vigo"": {""bookmaker"": ""Unibet (NL)"", ""odds"": 4.35, ""stake_pct"": 23.49, ""stake_amount"": 234.94}, ""Draw"": {""bookmaker"": ""Unibet (NL)"", ""odds"": 3.8, ""stake_pct"": 26.89, ""stake_amount"": 268.95}}"
2026-05-03 19:04 UTC,ARBITRAGE,soccer,Aston Villa vs Tottenham Hotspur,EPL,h2h,1.699,SURE,16.99,"{""Tottenham Hotspur"": {""bookmaker"": ""Betfair"", ""odds"": 1.21, ""stake_pct"": 84.07, ""stake_amount"": 840.73}, ""Aston Villa"": {""bookmaker"": ""Coolbet"", ""odds"": 22.0, ""stake_pct"": 4.62, ""stake_amount"": 46.24}, ""Draw"": {""bookmaker"": ""Sky Bet"", ""odds"": 9.0, ""stake_pct"": 11.3, ""stake_amount"": 113.03}}"
2026-05-03 19:04 UTC,ARBITRAGE,soccer,Le Havre vs Marseille,Ligue 1 - France,h2h,1.593,SURE,15.93,"{""Draw"": {""bookmaker"": ""Unibet (NL)"", ""odds"": 4.1, ""stake_pct"": 24.78, ""stake_amount"": 247.85}, ""Le Havre"": {""bookmaker"": ""Unibet (NL)"", ""odds"": 4.3, ""stake_pct"": 23.63, ""stake_amount"": 236.32}, ""Marseille"": {""bookmaker"": ""1xBet"", ""odds"": 1.97, ""stake_pct"": 51.58, ""stake_amount"": 515.83}}"
2026-05-03 19:04 UTC,ARBITRAGE,soccer,Lyon vs Rennes,Ligue 1 - France,h2h,1.488,SURE,14.88,"{""Rennes"": {""bookmaker"": ""Casumo"", ""odds"": 2.18, ""stake_pct"": 46.56, ""stake_amount"": 465.64}, ""Lyon"": {""bookmaker"": ""Paddy Power"", ""odds"": 3.75, ""stake_pct"": 27.07, ""stake_amount"": 270.69}, ""Draw"": {""bookmaker"": ""Betfair"", ""odds"": 3.85, ""stake_pct"": 26.37, ""stake_amount"": 263.66}}"
2026-05-03 19:04 UTC,ARBITRAGE,soccer,Brighton and Hove Albion vs Wolverhampton Wanderers,EPL,h2h,1.407,SURE,14.07,"{""Draw"": {""bookmaker"": ""Tipico"", ""odds"": 6.2, ""stake_pct"": 16.36, ""stake_amount"": 163.59}, ""Brighton and Hove Albion"": {""bookmaker"": ""Unibet (NL)"", ""odds"": 1.38, ""stake_pct"": 73.5, ""stake_amount"": 734.98}, ""Wolverhampton Wanderers"": {""bookmaker"": ""Betfair"", ""odds"": 10.0, ""stake_pct"": 10.14, ""stake_amount"": 101.43}}"
2026-05-03 19:04 UTC,ARBITRAGE,soccer,West Ham United vs Arsenal,EPL,h2h,1.305,SURE,13.05,"{""West Ham United"": {""bookmaker"": ""Betfair"", ""odds"": 5.9, ""stake_pct"": 17.17, ""stake_amount"": 171.73}, ""Arsenal"": {""bookmaker"": ""1xBet"", ""odds"": 1.68, ""stake_pct"": 60.31, ""stake_amount"": 603.11}, ""Draw"": {""bookmaker"": ""Betfair"", ""odds"": 4.5, ""stake_pct"": 22.52, ""stake_amount"": 225.16}}"
2026-05-03 19:04 UTC,ARBITRAGE,soccer,Manchester City vs Brentford,EPL,h2h,1.266,SURE,12.66,"{""Brentford"": {""bookmaker"": ""Betfair"", ""odds"": 9.4, ""stake_pct"": 10.77, ""stake_amount"": 107.75}, ""Manchester City"": {""bookmaker"": ""Coral"", ""odds"": 1.4, ""stake_pct"": 72.34, ""stake_amount"": 723.45}, ""Draw"": {""bookmaker"": ""Betfair"", ""odds"": 6.0, ""stake_pct"": 16.88, ""stake_amount"": 168.8}}"
2026-05-03 19:04 UTC,ARBITRAGE,soccer,Lecce vs Juventus,Serie A - Italy,h2h,1.181,SURE,11.81,"{""Draw"": {""bookmaker"": ""BetOnline.ag"", ""odds"": 4.46, ""stake_pct"": 22.69, ""stake_amount"": 226.89}, ""Juventus"": {""bookmaker"": ""1xBet"", ""odds"": 1.61, ""stake_pct"": 62.85, ""stake_amount"": 628.54}, ""Lecce"": {""bookmaker"": ""Unibet (NL)"", ""odds"": 7.0, ""stake_pct"": 14.46, ""stake_amount"": 144.56}}"
2026-05-03 19:04 UTC,ARBITRAGE,soccer,Angers vs Strasbourg,Ligue 1 - France,h2h,1.127,SURE,11.27,"{""Strasbourg"": {""bookmaker"": ""1xBet"", ""odds"": 2.18, ""stake_pct"": 46.39, ""stake_amount"": 463.95}, ""Angers"": {""bookmaker"": ""Unibet (SE)"", ""odds"": 3.85, ""stake_pct"": 26.27, ""stake_amount"": 262.7}, ""Draw"": {""bookmaker"": ""Unibet (SE)"", ""odds"": 3.7, ""stake_pct"": 27.34, ""stake_amount"": 273.35}}"
2026-05-03 19:04 UTC,ARBITRAGE,soccer,Chelsea vs Nottingham Forest,EPL,h2h,0.963,SURE,9.63,"{""Nottingham Forest"": {""bookmaker"": ""Betfair"", ""odds"": 5.2, ""stake_pct"": 19.42, ""stake_amount"": 194.18}, ""Chelsea"": {""bookmaker"": ""Betfair"", ""odds"": 1.76, ""stake_pct"": 57.37, ""stake_amount"": 573.7}, ""Draw"": {""bookmaker"": ""Unibet (NL)"", ""odds"": 4.35, ""stake_pct"": 23.21, ""stake_amount"": 232.12}}"
2026-05-03 19:04 UTC,ARBITRAGE,soccer,Inter Milan vs Parma,Serie A - Italy,h2h,0.896,SURE,8.96,"{""Parma"": {""bookmaker"": ""Casumo"", ""odds"": 14.0, ""stake_pct"": 7.21, ""stake_amount"": 72.07}, ""Inter Milan"": {""bookmaker"": ""Matchbook"", ""odds"": 1.31, ""stake_pct"": 77.03, ""stake_amount"": 770.26}, ""Draw"": {""bookmaker"": ""Casumo"", ""odds"": 6.4, ""stake_pct"": 15.77, ""stake_amount"": 157.66}}"
2026-05-03 19:04 UTC,ARBITRAGE,soccer,Torino vs Sassuolo,Serie A - Italy,h2h,0.707,SURE,7.07,"{""Torino"": {""bookmaker"": ""Nordic Bet"", ""odds"": 2.42, ""stake_pct"": 41.62, ""stake_amount"": 416.16}, ""Sassuolo"": {""bookmaker"": ""BetOnline.ag"", ""odds"": 3.45, ""stake_pct"": 29.19, ""stake_amount"": 291.92}, ""Draw"": {""bookmaker"": ""Unibet (NL)"", ""odds"": 3.45, ""stake_pct"": 29.19, ""stake_amount"": 291.92}}"
2026-05-03 19:04 UTC,ARBITRAGE,soccer,Bayern Munich vs Paris Saint Germain,UEFA Champions League,h2h,0.695,SURE,6.95,"{""Bayern Munich"": {""bookmaker"": ""Unibet (FR)"", ""odds"": 1.75, ""stake_pct"": 57.54, ""stake_amount"": 575.42}, ""Paris Saint Germain"": {""bookmaker"": ""1xBet"", ""odds"": 4.17, ""stake_pct"": 24.15, ""stake_amount"": 241.49}, ""Draw"": {""bookmaker"": ""Betfair"", ""odds"": 5.5, ""stake_pct"": 18.31, ""stake_amount"": 183.09}}"
2026-05-03 19:04 UTC,ARBITRAGE,soccer,RC Lens vs Nantes,Ligue 1 - France,h2h,0.582,SURE,5.82,"{""Draw"": {""bookmaker"": ""Matchbook"", ""odds"": 5.9, ""stake_pct"": 17.05, ""stake_amount"": 170.48}, ""Nantes"": {""bookmaker"": ""Unibet (NL)"", ""odds"": 9.5, ""stake_pct"": 10.59, ""stake_amount"": 105.88}, ""RC Lens"": {""bookmaker"": ""1xBet"", ""odds"": 1.39, ""stake_pct"": 72.36, ""stake_amount"": 723.64}}"
2026-05-03 19:04 UTC,ARBITRAGE,soccer,AS Roma vs Fiorentina,Serie A - Italy,h2h,0.524,SURE,5.24,"{""Fiorentina"": {""bookmaker"": ""Smarkets"", ""odds"": 6.2, ""stake_pct"": 16.21, ""stake_amount"": 162.14}, ""AS Roma"": {""bookmaker"": ""Unibet (NL)"", ""odds"": 1.64, ""stake_pct"": 61.3, ""stake_amount"": 612.97}, ""Draw"": {""bookmaker"": ""1xBet"", ""odds"": 4.47, ""stake_pct"": 22.49, ""stake_amount"": 224.89}}"
2026-05-03 19:04 UTC,VALUE_BET,soccer,SC Freiburg vs VfL Wolfsburg,Bundesliga - Germany,h2h,40.83,ALTA,35.2,Draw@3.9 (Betfair)
2026-05-03 19:04 UTC,VALUE_BET,soccer,SC Freiburg vs VfL Wolfsburg,Bundesliga - Germany,h2h,40.83,ALTA,35.2,Draw@3.9 (Betfair)
2026-05-03 19:04 UTC,VALUE_BET,soccer,SC Freiburg vs VfL Wolfsburg,Bundesliga - Germany,h2h,37.22,ALTA,33.23,Draw@3.8 (Bet Victor)
2026-05-03 19:04 UTC,VALUE_BET,soccer,SC Freiburg vs VfL Wolfsburg,Bundesliga - Germany,h2h,35.41,ALTA,32.19,Draw@3.75 (Sky Bet)
2026-05-03 19:04 UTC,VALUE_BET,soccer,SC Freiburg vs VfL Wolfsburg,Bundesliga - Germany,h2h,35.41,ALTA,32.19,Draw@3.75 (Smarkets)
2026-05-03 19:04 UTC,VALUE_BET,soccer,SC Freiburg vs VfL Wolfsburg,Bundesliga - Germany,h2h,35.41,ALTA,32.19,Draw@3.75 (Virgin Bet)
2026-05-03 19:04 UTC,VALUE_BET,soccer,SC Freiburg vs VfL Wolfsburg,Bundesliga - Germany,h2h,33.61,ALTA,31.12,Draw@3.7 (Coolbet)
2026-05-03 19:04 UTC,VALUE_BET,hockey,Carolina Hurricanes vs Philadelphia Flyers,NHL,h2h,17.23,ALTA,12.67,Philadelphia Flyers@4.4 (Unibet (SE))
2026-05-03 19:04 UTC,VALUE_BET,hockey,Carolina Hurricanes vs Philadelphia Flyers,NHL,h2h,17.23,ALTA,12.67,Philadelphia Flyers@4.4 (LeoVegas (SE))
2026-05-03 19:04 UTC,VALUE_BET,hockey,Vegas Golden Knights vs Anaheim Ducks,NHL,h2h,17.05,ALTA,17.76,Anaheim Ducks@3.4 (LeoVegas (SE))
2026-05-03 19:04 UTC,VALUE_BET,hockey,Vegas Golden Knights vs Anaheim Ducks,NHL,h2h,17.05,ALTA,17.76,Anaheim Ducks@3.4 (Unibet (SE))
2026-05-03 19:04 UTC,VALUE_BET,hockey,Tampa Bay Lightning vs Montréal Canadiens,NHL,h2h,15.72,ALTA,16.58,Montréal Canadiens@3.37 (1xBet)
2026-05-03 19:04 UTC,VALUE_BET,hockey,Vegas Golden Knights vs Anaheim Ducks,NHL,h2h,15.32,ALTA,16.3,Anaheim Ducks@3.35 (Grosvenor)
2026-05-03 19:04 UTC,VALUE_BET,hockey,Vegas Golden Knights vs Anaheim Ducks,NHL,h2h,15.32,ALTA,16.3,Anaheim Ducks@3.35 (Unibet (NL))
2026-05-03 19:04 UTC,VALUE_BET,hockey,Vegas Golden Knights vs Anaheim Ducks,NHL,h2h,15.32,ALTA,16.3,Anaheim Ducks@3.35 (Casumo)
2026-05-04 11:52 UTC,ARBITRAGE,soccer,Rayo Vallecano vs Girona,La Liga - Spain,h2h,3.156,SURE,31.56,"{""Draw"": {""bookmaker"": ""Winamax (DE)"", ""odds"": 3.6, ""stake_pct"": 28.68, ""stake_amount"": 286.83}, ""Rayo Vallecano"": {""bookmaker"": ""1xBet"", ""odds"": 2.55, ""stake_pct"": 40.49, ""stake_amount"": 404.94}, ""Girona"": {""bookmaker"": ""Unibet (NL)"", ""odds"": 3.35, ""stake_pct"": 30.82, ""stake_amount"": 308.23}}"
2026-05-04 11:52 UTC,ARBITRAGE,soccer,Alavés vs Barcelona,La Liga - Spain,h2h,1.872,SURE,18.72,"{""Barcelona"": {""bookmaker"": ""1xBet"", ""odds"": 1.84, ""stake_pct"": 55.38, ""stake_amount"": 553.85}, ""Draw"": {""bookmaker"": ""Tipico"", ""odds"": 4.4, ""stake_pct"": 23.16, ""stake_amount"": 231.61}, ""Alavés"": {""bookmaker"": ""Unibet (NL)"", ""odds"": 4.75, ""stake_pct"": 21.45, ""stake_amount"": 214.54}}"
2026-05-04 11:52 UTC,ARBITRAGE,soccer,Bayern Munich vs Paris Saint Germain,UEFA Champions League,h2h,1.56,SURE,15.6,"{""Paris Saint Germain"": {""bookmaker"": ""1xBet"", ""odds"": 4.21, ""stake_pct"": 24.13, ""stake_amount"": 241.29}, ""Bayern Munich"": {""bookmaker"": ""Betfair"", ""odds"": 1.75, ""stake_pct"": 58.05, ""stake_amount"": 580.49}, ""Draw"": {""bookmaker"": ""Winamax (DE)"", ""odds"": 5.7, ""stake_pct"": 17.82, ""stake_amount"": 178.22}}"
2026-05-04 11:52 UTC,ARBITRAGE,soccer,VfL Wolfsburg vs Bayern Munich,Bundesliga - Germany,h2h,1.452,SURE,14.52,"{""Bayern Munich"": {""bookmaker"": ""Betfair"", ""odds"": 1.72, ""stake_pct"": 59.0, ""stake_amount"": 589.96}, ""Draw"": {""bookmaker"": ""Coolbet"", ""odds"": 5.0, ""stake_pct"": 20.29, ""stake_amount"": 202.95}, ""VfL Wolfsburg"": {""bookmaker"": ""Unibet (SE)"", ""odds"": 4.9, ""stake_pct"": 20.71, ""stake_amount"": 207.09}}"
2026-05-04 11:52 UTC,ARBITRAGE,soccer,Lecce vs Juventus,Serie A - Italy,h2h,1.38,SURE,13.8,"{""Draw"": {""bookmaker"": ""Winamax (DE)"", ""odds"": 4.5, ""stake_pct"": 22.53, ""stake_amount"": 225.33}, ""Juventus"": {""bookmaker"": ""1xBet"", ""odds"": 1.61, ""stake_pct"": 62.98, ""stake_amount"": 629.81}, ""Lecce"": {""bookmaker"": ""Unibet (NL)"", ""odds"": 7.0, ""stake_pct"": 14.49, ""stake_amount"": 144.86}}"
2026-05-04 11:52 UTC,ARBITRAGE,soccer,Getafe vs Mallorca,La Liga - Spain,h2h,1.332,SURE,13.32,"{""Draw"": {""bookmaker"": ""1xBet"", ""odds"": 3.33, ""stake_pct"": 30.44, ""stake_amount"": 304.35}, ""Mallorca"": {""bookmaker"": ""Unibet (NL)"", ""odds"": 4.1, ""stake_pct"": 24.72, ""stake_amount"": 247.19}, ""Getafe"": {""bookmaker"": ""1xBet"", ""odds"": 2.26, ""stake_pct"": 44.85, ""stake_amount"": 448.45}}"
2026-05-04 11:52 UTC,ARBITRAGE,soccer,SC Freiburg vs SC Braga,UEFA Europa League,h2h,1.262,SURE,12.62,"{""Draw"": {""bookmaker"": ""Unibet (SE)"", ""odds"": 3.85, ""stake_pct"": 26.31, ""stake_amount"": 263.06}, ""SC Freiburg"": {""bookmaker"": ""1xBet"", ""odds"": 1.91, ""stake_pct"": 53.03, ""stake_amount"": 530.25}, ""SC Braga"": {""bookmaker"": ""Unibet (SE)"", ""odds"": 4.9, ""stake_pct"": 20.67, ""stake_amount"": 206.69}}"
2026-05-04 11:52 UTC,ARBITRAGE,soccer,Augsburg vs Borussia Monchengladbach,Bundesliga - Germany,h2h,1.24,SURE,12.4,"{""Borussia Monchengladbach"": {""bookmaker"": ""Betfair"", ""odds"": 3.25, ""stake_pct"": 31.16, ""stake_amount"": 311.56}, ""Augsburg"": {""bookmaker"": ""Unibet (SE)"", ""odds"": 2.38, ""stake_pct"": 42.54, ""stake_amount"": 425.44}, ""Draw"": {""bookmaker"": ""Coolbet"", ""odds"": 3.85, ""stake_pct"": 26.3, ""stake_amount"": 263.0}}"
2026-05-04 11:52 UTC,ARBITRAGE,soccer,Parma vs AS Roma,Serie A - Italy,h2h,1.233,SURE,12.33,"{""Draw"": {""bookmaker"": ""1xBet"", ""odds"": 4.0, ""stake_pct"": 25.31, ""stake_amount"": 253.12}, ""Parma"": {""bookmaker"": ""Betfair"", ""odds"": 5.4, ""stake_pct"": 18.75, ""stake_amount"": 187.5}, ""AS Roma"": {""bookmaker"": ""Unibet (NL)"", ""odds"": 1.81, ""stake_pct"": 55.94, ""stake_amount"": 559.38}}"
2026-05-04 11:52 UTC,ARBITRAGE,soccer,AS Roma vs Fiorentina,Serie A - Italy,h2h,1.177,SURE,11.77,"{""Fiorentina"": {""bookmaker"": ""1xBet"", ""odds"": 6.96, ""stake_pct"": 14.54, ""stake_amount"": 145.39}, ""Draw"": {""bookmaker"": ""Betclic (FR)"", ""odds"": 4.4, ""stake_pct"": 23.0, ""stake_amount"": 229.98}, ""AS Roma"": {""bookmaker"": ""Coolbet"", ""odds"": 1.62, ""stake_pct"": 62.46, ""stake_amount"": 624.63}}"
2026-05-04 11:52 UTC,ARBITRAGE,soccer,Valencia vs Rayo Vallecano,La Liga - Spain,h2h,1.154,SURE,11.54,"{""Draw"": {""bookmaker"": ""1xBet"", ""odds"": 3.6, ""stake_pct"": 28.1, ""stake_amount"": 281.02}, ""Rayo Vallecano"": {""bookmaker"": ""1xBet"", ""odds"": 3.6, ""stake_pct"": 28.1, ""stake_amount"": 281.02}, ""Valencia"": {""bookmaker"": ""Pinnacle"", ""odds"": 2.31, ""stake_pct"": 43.8, ""stake_amount"": 437.96}}"
2026-05-04 11:52 UTC,ARBITRAGE,soccer,Sevilla vs Real Madrid,La Liga - Spain,h2h,1.154,SURE,11.54,"{""Draw"": {""bookmaker"": ""1xBet"", ""odds"": 4.43, ""stake_pct"": 22.84, ""stake_amount"": 228.37}, ""Real Madrid"": {""bookmaker"": ""Betfair"", ""odds"": 1.9, ""stake_pct"": 53.25, ""stake_amount"": 532.46}, ""Sevilla"": {""bookmaker"": ""1xBet"", ""odds"": 4.23, ""stake_pct"": 23.92, ""stake_amount"": 239.17}}"
2026-05-04 11:52 UTC,ARBITRAGE,soccer,Manchester City vs Brentford,EPL,h2h,1.094,SURE,10.94,"{""Draw"": {""bookmaker"": ""Pinnacle"", ""odds"": 6.11, ""stake_pct"": 16.55, ""stake_amount"": 165.48}, ""Brentford"": {""bookmaker"": ""Smarkets"", ""odds"": 9.0, ""stake_pct"": 11.23, ""stake_amount"": 112.34}, ""Manchester City"": {""bookmaker"": ""Coral"", ""odds"": 1.4, ""stake_pct"": 72.22, ""stake_amount"": 722.18}}"
2026-05-04 11:52 UTC,ARBITRAGE,soccer,RC Lens vs Nantes,Ligue 1 - France,h2h,1.008,SURE,10.08,"{""Nantes"": {""bookmaker"": ""Unibet (NL)"", ""odds"": 9.5, ""stake_pct"": 10.63, ""stake_amount"": 106.33}, ""Draw"": {""bookmaker"": ""Winamax (DE)"", ""odds"": 5.7, ""stake_pct"": 17.72, ""stake_amount"": 177.22}, ""RC Lens"": {""bookmaker"": ""1xBet"", ""odds"": 1.41, ""stake_pct"": 71.64, ""stake_amount"": 716.44}}"
2026-05-04 11:52 UTC,ARBITRAGE,soccer,Espanyol vs Athletic Bilbao,La Liga - Spain,h2h,0.963,SURE,9.63,"{""Athletic Bilbao"": {""bookmaker"": ""Unibet (NL)"", ""odds"": 2.55, ""stake_pct"": 39.6, ""stake_amount"": 395.97}, ""Draw"": {""bookmaker"": ""1xBet"", ""odds"": 3.5, ""stake_pct"": 28.85, ""stake_amount"": 288.49}, ""Espanyol"": {""bookmaker"": ""Betfair"", ""odds"": 3.2, ""stake_pct"": 31.55, ""stake_amount"": 315.54}}"
2026-05-04 11:52 UTC,ARBITRAGE,soccer,Hellas Verona vs Como,Serie A - Italy,h2h,0.891,SURE,8.91,"{""Como"": {""bookmaker"": ""1xBet"", ""odds"": 1.49, ""stake_pct"": 67.72, ""stake_amount"": 677.18}, ""Draw"": {""bookmaker"": ""1xBet"", ""odds"": 4.91, ""stake_pct"": 20.55, ""stake_amount"": 205.5}, ""Hellas Verona"": {""bookmaker"": ""Smarkets"", ""odds"": 8.6, ""stake_pct"": 11.73, ""stake_amount"": 117.32}}"
2026-05-04 11:52 UTC,ARBITRAGE,soccer,Le Havre vs Marseille,Ligue 1 - France,h2h,0.815,SURE,8.15,"{""Draw"": {""bookmaker"": ""Coolbet"", ""odds"": 4.0, ""stake_pct"": 25.21, ""stake_amount"": 252.05}, ""Marseille"": {""bookmaker"": ""1xBet"", ""odds"": 2.06, ""stake_pct"": 48.94, ""stake_amount"": 489.43}, ""Le Havre"": {""bookmaker"": ""Unibet (NL)"", ""odds"": 3.9, ""stake_pct"": 25.85, ""stake_amount"": 258.52}}"
2026-05-04 11:52 UTC,ARBITRAGE,soccer,Everton vs Manchester City,EPL,h2h,0.81,SURE,8.1,"{""Draw"": {""bookmaker"": ""Unibet (NL)"", ""odds"": 5.1, ""stake_pct"": 19.77, ""stake_amount"": 197.68}, ""Manchester City"": {""bookmaker"": ""1xBet"", ""odds"": 1.52, ""stake_pct"": 66.33, ""stake_amount"": 663.26}, ""Everton"": {""bookmaker"": ""Unibet (FR)"", ""odds"": 7.25, ""stake_pct"": 13.91, ""stake_amount"": 139.06}}"
2026-05-04 11:52 UTC,ARBITRAGE,soccer,Brighton and Hove Albion vs Wolverhampton Wanderers,EPL,h2h,0.687,SURE,6.87,"{""Draw"": {""bookmaker"": ""BetOnline.ag"", ""odds"": 6.15, ""stake_pct"": 16.37, ""stake_amount"": 163.73}, ""Brighton and Hove Albion"": {""bookmaker"": ""Unibet (NL)"", ""odds"": 1.36, ""stake_pct"": 74.04, ""stake_amount"": 740.38}, ""Wolverhampton Wanderers"": {""bookmaker"": ""Betfair"", ""odds"": 10.5, ""stake_pct"": 9.59, ""stake_amount"": 95.9}}"
2026-05-04 11:52 UTC,ARBITRAGE,soccer,Mallorca vs Villarreal,La Liga - Spain,h2h,0.643,SURE,6.43,"{""Draw"": {""bookmaker"": ""BetOnline.ag"", ""odds"": 3.72, ""stake_pct"": 27.06, ""stake_amount"": 270.56}, ""Mallorca"": {""bookmaker"": ""Unibet (NL)"", ""odds"": 2.6, ""stake_pct"": 38.71, ""stake_amount"": 387.1}, ""Villarreal"": {""bookmaker"": ""1xBet"", ""odds"": 2.94, ""stake_pct"": 34.23, ""stake_amount"": 342.34}}"
2026-05-04 11:52 UTC,ARBITRAGE,soccer,Athletic Bilbao vs Valencia,La Liga - Spain,h2h,0.629,SURE,6.29,"{""Athletic Bilbao"": {""bookmaker"": ""Unibet (NL)"", ""odds"": 1.85, ""stake_pct"": 54.4, ""stake_amount"": 543.96}, ""Draw"": {""bookmaker"": ""Betsson"", ""odds"": 3.95, ""stake_pct"": 25.48, ""stake_amount"": 254.77}, ""Valencia"": {""bookmaker"": ""Betfair"", ""odds"": 5.0, ""stake_pct"": 20.13, ""stake_amount"": 201.27}}"
2026-05-04 11:52 UTC,ARBITRAGE,soccer,Oviedo vs Getafe,La Liga - Spain,h2h,0.578,SURE,5.78,"{""Draw"": {""bookmaker"": ""1xBet"", ""odds"": 3.1, ""stake_pct"": 32.45, ""stake_amount"": 324.46}, ""Oviedo"": {""bookmaker"": ""Unibet (SE)"", ""odds"": 3.35, ""stake_pct"": 30.02, ""stake_amount"": 300.24}, ""Getafe"": {""bookmaker"": ""Betfair"", ""odds"": 2.68, ""stake_pct"": 37.53, ""stake_amount"": 375.3}}"
2026-05-04 11:52 UTC,ARBITRAGE,hockey,Carolina Hurricanes vs Philadelphia Flyers,NHL,h2h,0.528,SURE,5.28,"{""Philadelphia Flyers"": {""bookmaker"": ""Unibet (SE)"", ""odds"": 4.7, ""stake_pct"": 21.39, ""stake_amount"": 213.9}, ""Draw"": {""bookmaker"": ""Unibet (SE)"", ""odds"": 4.75, ""stake_pct"": 21.16, ""stake_amount"": 211.64}, ""Carolina Hurricanes"": {""bookmaker"": ""1xBet"", ""odds"": 1.75, ""stake_pct"": 57.45, ""stake_amount"": 574.46}}"
2026-05-04 11:52 UTC,VALUE_BET,soccer,Sevilla vs Real Madrid,La Liga - Spain,h2h,28.37,ALTA,21.96,Sevilla@4.23 (1xBet)
2026-05-04 11:52 UTC,VALUE_BET,soccer,Atlético Madrid vs Girona,La Liga - Spain,h2h,27.97,ALTA,18.17,Draw@4.85 (1xBet)
2026-05-04 11:52 UTC,VALUE_BET,soccer,Sevilla vs Real Madrid,La Liga - Spain,h2h,27.46,ALTA,21.46,Sevilla@4.2 (Betfred (UK))
2026-05-04 11:52 UTC,VALUE_BET,hockey,Carolina Hurricanes vs Philadelphia Flyers,NHL,h2h,24.12,ALTA,16.3,Philadelphia Flyers@4.7 (Unibet (SE))
2026-05-04 11:52 UTC,VALUE_BET,hockey,Carolina Hurricanes vs Philadelphia Flyers,NHL,h2h,24.12,ALTA,16.3,Philadelphia Flyers@4.7 (LeoVegas (SE))
2026-05-04 11:52 UTC,VALUE_BET,soccer,Sevilla vs Real Madrid,La Liga - Spain,h2h,21.81,ALTA,15.89,Draw@4.43 (1xBet)
2026-05-04 11:52 UTC,VALUE_BET,hockey,Carolina Hurricanes vs Philadelphia Flyers,NHL,h2h,21.48,ALTA,14.91,Philadelphia Flyers@4.6 (Casumo)
2026-05-04 11:52 UTC,VALUE_BET,hockey,Carolina Hurricanes vs Philadelphia Flyers,NHL,h2h,21.48,ALTA,14.91,Philadelphia Flyers@4.6 (Unibet (NL))
2026-05-04 11:52 UTC,VALUE_BET,hockey,Carolina Hurricanes vs Philadelphia Flyers,NHL,h2h,21.48,ALTA,14.91,Philadelphia Flyers@4.6 (Grosvenor)
2026-05-04 11:52 UTC,VALUE_BET,soccer,Sevilla vs Real Madrid,La Liga - Spain,h2h,21.39,ALTA,17.83,Sevilla@4.0 (Paddy Power)
2026-05-04 11:52 UTC,VALUE_BET,soccer,Sevilla vs Real Madrid,La Liga - Spain,h2h,21.39,ALTA,17.83,Sevilla@4.0 (Sky Bet)
2026-05-04 11:52 UTC,VALUE_BET,soccer,Atlético Madrid vs Girona,La Liga - Spain,h2h,20.56,ALTA,12.85,Girona@5.0 (William Hill)
2026-05-04 11:52 UTC,VALUE_BET,soccer,Atlético Madrid vs Girona,La Liga - Spain,h2h,20.56,ALTA,12.85,Girona@5.0 (Paddy Power)
2026-05-04 11:52 UTC,VALUE_BET,soccer,Atlético Madrid vs Girona,La Liga - Spain,h2h,20.56,ALTA,12.85,Girona@5.0 (Unibet (UK))
2026-05-04 11:52 UTC,VALUE_BET,soccer,Barcelona vs Real Betis,La Liga - Spain,h2h,20.49,ALTA,12.81,Draw@5.0 (Winamax (FR))
2026-05-04 19:44 UTC,ARBITRAGE,soccer,Sevilla vs Real Madrid,La Liga - Spain,h2h,3.786,SURE,37.86,"{""Sevilla"": {""bookmaker"": ""1xBet"", ""odds"": 4.23, ""stake_pct"": 24.57, ""stake_amount"": 245.71}, ""Draw"": {""bookmaker"": ""1xBet"", ""odds"": 4.43, ""stake_pct"": 23.46, ""stake_amount"": 234.62}, ""Real Madrid"": {""bookmaker"": ""Betfair"", ""odds"": 2.0, ""stake_pct"": 51.97, ""stake_amount"": 519.67}}"
2026-05-04 19:44 UTC,ARBITRAGE,soccer,Sevilla vs Real Sociedad,La Liga - Spain,h2h,2.571,SURE,25.71,"{""Sevilla"": {""bookmaker"": ""Sky Bet"", ""odds"": 2.45, ""stake_pct"": 41.89, ""stake_amount"": 418.94}, ""Draw"": {""bookmaker"": ""Pinnacle"", ""odds"": 2.83, ""stake_pct"": 36.27, ""stake_amount"": 362.68}, ""Real Sociedad"": {""bookmaker"": ""Betfair"", ""odds"": 4.7, ""stake_pct"": 21.84, ""stake_amount"": 218.38}}"
2026-05-04 19:44 UTC,ARBITRAGE,soccer,Everton vs Manchester City,EPL,h2h,2.179,SURE,21.79,"{""Manchester City"": {""bookmaker"": ""Betfair"", ""odds"": 1.58, ""stake_pct"": 64.7, ""stake_amount"": 647.01}, ""Draw"": {""bookmaker"": ""Pinnacle"", ""odds"": 4.27, ""stake_pct"": 23.94, ""stake_amount"": 239.41}, ""Everton"": {""bookmaker"": ""Betfair"", ""odds"": 9.0, ""stake_pct"": 11.36, ""stake_amount"": 113.59}}"
2026-05-04 19:44 UTC,ARBITRAGE,soccer,Parma vs AS Roma,Serie A - Italy,h2h,1.865,SURE,18.65,"{""AS Roma"": {""bookmaker"": ""Unibet (NL)"", ""odds"": 1.71, ""stake_pct"": 59.59, ""stake_amount"": 595.91}, ""Draw"": {""bookmaker"": ""Pinnacle"", ""odds"": 4.35, ""stake_pct"": 23.43, ""stake_amount"": 234.25}, ""Parma"": {""bookmaker"": ""Matchbook"", ""odds"": 6.0, ""stake_pct"": 16.98, ""stake_amount"": 169.83}}"
2026-05-04 19:44 UTC,ARBITRAGE,soccer,Alavés vs Barcelona,La Liga - Spain,h2h,1.674,SURE,16.74,"{""Alavés"": {""bookmaker"": ""BetOnline.ag"", ""odds"": 4.33, ""stake_pct"": 23.49, ""stake_amount"": 234.88}, ""Draw"": {""bookmaker"": ""1xBet"", ""odds"": 4.32, ""stake_pct"": 23.54, ""stake_amount"": 235.42}, ""Barcelona"": {""bookmaker"": ""Betfair"", ""odds"": 1.92, ""stake_pct"": 52.97, ""stake_amount"": 529.7}}"
2026-05-04 19:44 UTC,ARBITRAGE,soccer,1. FC Köln vs 1. FC Heidenheim,Bundesliga - Germany,h2h,1.496,SURE,14.96,"{""Draw"": {""bookmaker"": ""1xBet"", ""odds"": 4.32, ""stake_pct"": 23.5, ""stake_amount"": 235.0}, ""1. FC Heidenheim"": {""bookmaker"": ""Unibet (SE)"", ""odds"": 4.2, ""stake_pct"": 24.17, ""stake_amount"": 241.71}, ""1. FC Köln"": {""bookmaker"": ""Betfair"", ""odds"": 1.94, ""stake_pct"": 52.33, ""stake_amount"": 523.29}}"
2026-05-04 19:44 UTC,ARBITRAGE,basketball,San Antonio Spurs vs Minnesota Timberwolves,NBA,h2h,1.442,SURE,14.42,"{""San Antonio Spurs"": {""bookmaker"": ""Betfair"", ""odds"": 1.31, ""stake_pct"": 77.45, ""stake_amount"": 774.53}, ""Minnesota Timberwolves"": {""bookmaker"": ""William Hill"", ""odds"": 4.5, ""stake_pct"": 22.55, ""stake_amount"": 225.47}}"
2026-05-04 19:44 UTC,ARBITRAGE,soccer,Sunderland vs Manchester United,EPL,h2h,1.428,SURE,14.28,"{""Manchester United"": {""bookmaker"": ""Betfair"", ""odds"": 2.0, ""stake_pct"": 50.72, ""stake_amount"": 507.24}, ""Draw"": {""bookmaker"": ""Unibet (NL)"", ""odds"": 3.95, ""stake_pct"": 25.68, ""stake_amount"": 256.83}, ""Sunderland"": {""bookmaker"": ""Unibet (NL)"", ""odds"": 4.3, ""stake_pct"": 23.59, ""stake_amount"": 235.93}}"
2026-05-04 19:44 UTC,ARBITRAGE,soccer,Bayern Munich vs Paris Saint Germain,UEFA Champions League,h2h,1.384,SURE,13.84,"{""Bayern Munich"": {""bookmaker"": ""Smarkets"", ""odds"": 1.74, ""stake_pct"": 58.28, ""stake_amount"": 582.78}, ""Draw"": {""bookmaker"": ""Betclic (FR)"", ""odds"": 5.75, ""stake_pct"": 17.64, ""stake_amount"": 176.35}, ""Paris Saint Germain"": {""bookmaker"": ""1xBet"", ""odds"": 4.21, ""stake_pct"": 24.09, ""stake_amount"": 240.86}}"
2026-05-04 19:44 UTC,ARBITRAGE,soccer,Lecce vs Juventus,Serie A - Italy,h2h,1.38,SURE,13.8,"{""Juventus"": {""bookmaker"": ""1xBet"", ""odds"": 1.61, ""stake_pct"": 62.98, ""stake_amount"": 629.81}, ""Draw"": {""bookmaker"": ""Winamax (DE)"", ""odds"": 4.5, ""stake_pct"": 22.53, ""stake_amount"": 225.33}, ""Lecce"": {""bookmaker"": ""Unibet (NL)"", ""odds"": 7.0, ""stake_pct"": 14.49, ""stake_amount"": 144.86}}"
2026-05-04 19:44 UTC,ARBITRAGE,soccer,Getafe vs Mallorca,La Liga - Spain,h2h,1.332,SURE,13.32,"{""Getafe"": {""bookmaker"": ""1xBet"", ""odds"": 2.26, ""stake_pct"": 44.85, ""stake_amount"": 448.45}, ""Mallorca"": {""bookmaker"": ""Betfair"", ""odds"": 4.1, ""stake_pct"": 24.72, ""stake_amount"": 247.19}, ""Draw"": {""bookmaker"": ""1xBet"", ""odds"": 3.33, ""stake_pct"": 30.44, ""stake_amount"": 304.35}}"
2026-05-04 19:44 UTC,ARBITRAGE,soccer,Levante vs CA Osasuna,La Liga - Spain,h2h,1.318,SURE,13.18,"{""CA Osasuna"": {""bookmaker"": ""Coolbet"", ""odds"": 3.0, ""stake_pct"": 33.78, ""stake_amount"": 337.78}, ""Levante"": {""bookmaker"": ""Unibet (SE)"", ""odds"": 2.75, ""stake_pct"": 36.85, ""stake_amount"": 368.49}, ""Draw"": {""bookmaker"": ""Betfair"", ""odds"": 3.45, ""stake_pct"": 29.37, ""stake_amount"": 293.72}}"
2026-05-04 19:44 UTC,ARBITRAGE,soccer,RC Lens vs Nantes,Ligue 1 - France,h2h,1.31,SURE,13.1,"{""Draw"": {""bookmaker"": ""Unibet (FR)"", ""odds"": 5.8, ""stake_pct"": 17.47, ""stake_amount"": 174.7}, ""RC Lens"": {""bookmaker"": ""1xBet"", ""odds"": 1.41, ""stake_pct"": 71.86, ""stake_amount"": 718.64}, ""Nantes"": {""bookmaker"": ""Unibet (NL)"", ""odds"": 9.5, ""stake_pct"": 10.67, ""stake_amount"": 106.66}}"
2026-05-04 19:44 UTC,ARBITRAGE,soccer,Torino vs Sassuolo,Serie A - Italy,h2h,1.223,SURE,12.23,"{""Draw"": {""bookmaker"": ""Unibet (NL)"", ""odds"": 3.4, ""stake_pct"": 29.78, ""stake_amount"": 297.76}, ""Torino"": {""bookmaker"": ""Matchbook"", ""odds"": 2.56, ""stake_pct"": 39.55, ""stake_amount"": 395.46}, ""Sassuolo"": {""bookmaker"": ""Coolbet"", ""odds"": 3.3, ""stake_pct"": 30.68, ""stake_amount"": 306.78}}"
2026-05-04 19:44 UTC,ARBITRAGE,soccer,Brighton and Hove Albion vs Wolverhampton Wanderers,EPL,h2h,1.21,SURE,12.1,"{""Brighton and Hove Albion"": {""bookmaker"": ""GTbets"", ""odds"": 1.35, ""stake_pct"": 74.98, ""stake_amount"": 749.81}, ""Draw"": {""bookmaker"": ""Betfair"", ""odds"": 6.4, ""stake_pct"": 15.82, ""stake_amount"": 158.16}, ""Wolverhampton Wanderers"": {""bookmaker"": ""Betfair"", ""odds"": 11.0, ""stake_pct"": 9.2, ""stake_amount"": 92.02}}"
2026-05-04 19:44 UTC,ARBITRAGE,soccer,RB Leipzig vs FC St. Pauli,Bundesliga - Germany,h2h,1.206,SURE,12.06,"{""FC St. Pauli"": {""bookmaker"": ""Matchbook"", ""odds"": 9.6, ""stake_pct"": 10.54, ""stake_amount"": 105.44}, ""RB Leipzig"": {""bookmaker"": ""Unibet (SE)"", ""odds"": 1.4, ""stake_pct"": 72.3, ""stake_amount"": 723.0}, ""Draw"": {""bookmaker"": ""Winamax (DE)"", ""odds"": 5.9, ""stake_pct"": 17.16, ""stake_amount"": 171.56}}"
2026-05-04 19:44 UTC,ARBITRAGE,soccer,Valencia vs Rayo Vallecano,La Liga - Spain,h2h,1.195,SURE,11.95,"{""Rayo Vallecano"": {""bookmaker"": ""1xBet"", ""odds"": 3.65, ""stake_pct"": 27.73, ""stake_amount"": 277.29}, ""Draw"": {""bookmaker"": ""1xBet"", ""odds"": 3.63, ""stake_pct"": 27.88, ""stake_amount"": 278.81}, ""Valencia"": {""bookmaker"": ""Unibet (NL)"", ""odds"": 2.28, ""stake_pct"": 44.39, ""stake_amount"": 443.9}}"
2026-05-04 19:44 UTC,ARBITRAGE,soccer,Cremonese vs Pisa,Serie A - Italy,h2h,1.19,SURE,11.9,"{""Pisa"": {""bookmaker"": ""Betfair"", ""odds"": 5.5, ""stake_pct"": 18.4, ""stake_amount"": 184.01}, ""Cremonese"": {""bookmaker"": ""1xBet"", ""odds"": 1.76, ""stake_pct"": 57.5, ""stake_amount"": 575.03}, ""Draw"": {""bookmaker"": ""Betfair"", ""odds"": 4.2, ""stake_pct"": 24.1, ""stake_amount"": 240.96}}"
2026-05-04 19:44 UTC,ARBITRAGE,soccer,Atlético Madrid vs Girona,La Liga - Spain,h2h,1.139,SURE,11.39,"{""Atlético Madrid"": {""bookmaker"": ""Betfair"", ""odds"": 1.65, ""stake_pct"": 61.3, ""stake_amount"": 613.04}, ""Girona"": {""bookmaker"": ""1xBet"", ""odds"": 5.67, ""stake_pct"": 17.84, ""stake_amount"": 178.4}, ""Draw"": {""bookmaker"": ""1xBet"", ""odds"": 4.85, ""stake_pct"": 20.86, ""stake_amount"": 208.56}}"
2026-05-04 19:44 UTC,ARBITRAGE,soccer,Liverpool vs Chelsea,EPL,h2h,1.072,SURE,10.72,"{""Liverpool"": {""bookmaker"": ""1xBet"", ""odds"": 1.95, ""stake_pct"": 51.84, ""stake_amount"": 518.38}, ""Chelsea"": {""bookmaker"": ""Unibet (NL)"", ""odds"": 4.1, ""stake_pct"": 24.65, ""stake_amount"": 246.55}, ""Draw"": {""bookmaker"": ""Betfair"", ""odds"": 4.3, ""stake_pct"": 23.51, ""stake_amount"": 235.08}}"
2026-05-04 19:44 UTC,ARBITRAGE,soccer,Burnley vs Aston Villa,EPL,h2h,0.892,SURE,8.92,"{""Aston Villa"": {""bookmaker"": ""Betfair"", ""odds"": 1.64, ""stake_pct"": 61.52, ""stake_amount"": 615.24}, ""Draw"": {""bookmaker"": ""Winamax (DE)"", ""odds"": 4.6, ""stake_pct"": 21.93, ""stake_amount"": 219.35}, ""Burnley"": {""bookmaker"": ""Unibet (NL)"", ""odds"": 6.1, ""stake_pct"": 16.54, ""stake_amount"": 165.41}}"
2026-05-04 19:44 UTC,ARBITRAGE,soccer,Le Havre vs Marseille,Ligue 1 - France,h2h,0.815,SURE,8.15,"{""Le Havre"": {""bookmaker"": ""Unibet (NL)"", ""odds"": 3.9, ""stake_pct"": 25.85, ""stake_amount"": 258.52}, ""Draw"": {""bookmaker"": ""Coolbet"", ""odds"": 4.0, ""stake_pct"": 25.21, ""stake_amount"": 252.05}, ""Marseille"": {""bookmaker"": ""1xBet"", ""odds"": 2.06, ""stake_pct"": 48.94, ""stake_amount"": 489.43}}"
2026-05-04 19:44 UTC,ARBITRAGE,soccer,Athletic Bilbao vs Valencia,La Liga - Spain,h2h,0.697,SURE,6.97,"{""Athletic Bilbao"": {""bookmaker"": ""Unibet (SE)"", ""odds"": 1.85, ""stake_pct"": 54.43, ""stake_amount"": 544.33}, ""Draw"": {""bookmaker"": ""1xBet"", ""odds"": 3.9, ""stake_pct"": 25.82, ""stake_amount"": 258.21}, ""Valencia"": {""bookmaker"": ""Smarkets"", ""odds"": 5.1, ""stake_pct"": 19.75, ""stake_amount"": 197.45}}"
2026-05-04 19:44 UTC,ARBITRAGE,soccer,Hellas Verona vs Como,Serie A - Italy,h2h,0.643,SURE,6.43,"{""Hellas Verona"": {""bookmaker"": ""Betfair"", ""odds"": 8.6, ""stake_pct"": 11.7, ""stake_amount"": 117.03}, ""Como"": {""bookmaker"": ""1xBet"", ""odds"": 1.48, ""stake_pct"": 68.0, ""stake_amount"": 680.05}, ""Draw"": {""bookmaker"": ""1xBet"", ""odds"": 4.96, ""stake_pct"": 20.29, ""stake_amount"": 202.92}}"
2026-05-04 19:44 UTC,ARBITRAGE,soccer,Everton vs Sunderland,EPL,h2h,0.59,SURE,5.9,"{""Draw"": {""bookmaker"": ""1xBet"", ""odds"": 3.9, ""stake_pct"": 25.79, ""stake_amount"": 257.93}, ""Sunderland"": {""bookmaker"": ""1xBet"", ""odds"": 4.67, ""stake_pct"": 21.54, ""stake_amount"": 215.4}, ""Everton"": {""bookmaker"": ""Unibet (SE)"", ""odds"": 1.91, ""stake_pct"": 52.67, ""stake_amount"": 526.67}}"
2026-05-04 19:44 UTC,ARBITRAGE,soccer,Mallorca vs Villarreal,La Liga - Spain,h2h,0.527,SURE,5.27,"{""Villarreal"": {""bookmaker"": ""1xBet"", ""odds"": 2.93, ""stake_pct"": 34.31, ""stake_amount"": 343.11}, ""Mallorca"": {""bookmaker"": ""Unibet (NL)"", ""odds"": 2.6, ""stake_pct"": 38.67, ""stake_amount"": 386.65}, ""Draw"": {""bookmaker"": ""BetOnline.ag"", ""odds"": 3.72, ""stake_pct"": 27.02, ""stake_amount"": 270.24}}"
2026-05-04 19:44 UTC,VALUE_BET,soccer,Atlético Madrid vs Girona,La Liga - Spain,h2h,33.76,ALTA,21.92,Draw@4.85 (1xBet)
2026-05-04 19:44 UTC,VALUE_BET,soccer,Atlético Madrid vs Girona,La Liga - Spain,h2h,26.01,ALTA,16.26,Girona@5.0 (William Hill)
2026-05-04 19:44 UTC,VALUE_BET,soccer,Atlético Madrid vs Girona,La Liga - Spain,h2h,26.01,ALTA,16.26,Girona@5.0 (Paddy Power)
2026-05-04 19:44 UTC,VALUE_BET,soccer,Atlético Madrid vs Girona,La Liga - Spain,h2h,26.01,ALTA,16.26,Girona@5.0 (Unibet (UK))
2026-05-04 19:44 UTC,VALUE_BET,soccer,Atlético Madrid vs Girona,La Liga - Spain,h2h,24.11,ALTA,17.22,Draw@4.5 (Winamax (DE))
2026-05-04 19:44 UTC,VALUE_BET,soccer,Atlético Madrid vs Girona,La Liga - Spain,h2h,23.49,ALTA,15.06,Girona@4.9 (Winamax (DE))
2026-05-04 19:44 UTC,VALUE_BET,soccer,Sevilla vs Real Madrid,La Liga - Spain,h2h,21.58,ALTA,15.73,Draw@4.43 (1xBet)
2026-05-04 19:44 UTC,VALUE_BET,soccer,Atlético Madrid vs Girona,La Liga - Spain,h2h,21.35,ALTA,15.7,Draw@4.4 (William Hill)
2026-05-04 19:44 UTC,VALUE_BET,soccer,Everton vs Sunderland,EPL,h2h,20.7,ALTA,14.1,Sunderland@4.67 (1xBet)
2026-05-04 19:44 UTC,VALUE_BET,soccer,Barcelona vs Real Betis,La Liga - Spain,h2h,20.49,ALTA,12.81,Draw@5.0 (Winamax (FR))
2026-05-04 19:44 UTC,VALUE_BET,soccer,Atlético Madrid vs Girona,La Liga - Spain,h2h,19.97,ALTA,14.9,Draw@4.35 (Unibet (UK))
2026-05-04 19:44 UTC,VALUE_BET,soccer,Atlético Madrid vs Girona,La Liga - Spain,h2h,19.42,ALTA,14.58,Draw@4.33 (Betfred (UK))
2026-05-04 19:44 UTC,VALUE_BET,soccer,Atlético Madrid vs Girona,La Liga - Spain,h2h,19.42,ALTA,14.58,Draw@4.33 (Sky Bet)
2026-05-04 19:44 UTC,VALUE_BET,soccer,Athletic Bilbao vs Celta Vigo,La Liga - Spain,h2h,19.16,ALTA,13.57,Celta Vigo@4.53 (1xBet)
2026-05-04 19:44 UTC,VALUE_BET,soccer,Everton vs Sunderland,EPL,h2h,18.89,ALTA,13.12,Sunderland@4.6 (Marathon Bet)
2026-06-01 15:58 UTC,ARBITRAGE,tennis,Felix Auger-Aliassime vs Alejandro Tabilo,ATP French Open,h2h,2.117,SURE,21.17,"{""Alejandro Tabilo"": {""bookmaker"": ""Matchbook"", ""odds"": 4.3, ""stake_pct"": 23.76, ""stake_amount"": 237.59}, ""Felix Auger-Aliassime"": {""bookmaker"": ""Pinnacle"", ""odds"": 1.34, ""stake_pct"": 76.24, ""stake_amount"": 762.41}}"
2026-06-01 15:58 UTC,ARBITRAGE,tennis,Juan Manuel Cerundolo vs Matteo Berrettini,ATP French Open,h2h,1.587,SURE,15.87,"{""Matteo Berrettini"": {""bookmaker"": ""Betfair"", ""odds"": 1.5, ""stake_pct"": 67.74, ""stake_amount"": 677.42}, ""Juan Manuel Cerundolo"": {""bookmaker"": ""Smarkets"", ""odds"": 3.15, ""stake_pct"": 32.26, ""stake_amount"": 322.58}}"
2026-06-01 15:58 UTC,VALUE_BET,hockey,Carolina Hurricanes vs Vegas Golden Knights,NHL,h2h,14.65,ALTA,17.28,Vegas Golden Knights@3.12 (1xBet)
2026-06-01 15:58 UTC,VALUE_BET,hockey,Carolina Hurricanes vs Vegas Golden Knights,NHL,h2h,13.18,ALTA,15.84,Vegas Golden Knights@3.08 (Marathon Bet)
2026-06-01 15:58 UTC,VALUE_BET,hockey,Carolina Hurricanes vs Vegas Golden Knights,NHL,h2h,12.08,ALTA,14.73,Vegas Golden Knights@3.05 (LeoVegas (SE))
2026-06-01 15:58 UTC,VALUE_BET,hockey,Carolina Hurricanes vs Vegas Golden Knights,NHL,h2h,12.08,ALTA,14.73,Vegas Golden Knights@3.05 (Unibet (SE))
2026-06-01 15:58 UTC,VALUE_BET,hockey,Carolina Hurricanes vs Vegas Golden Knights,NHL,h2h,10.24,ALTA,12.8,Vegas Golden Knights@3.0 (Coolbet)
2026-06-01 15:58 UTC,VALUE_BET,hockey,Carolina Hurricanes vs Vegas Golden Knights,NHL,h2h,10.24,ALTA,12.8,Vegas Golden Knights@3.0 (Casumo)
2026-06-01 15:58 UTC,VALUE_BET,hockey,Carolina Hurricanes vs Vegas Golden Knights,NHL,h2h,10.24,ALTA,12.8,Vegas Golden Knights@3.0 (Unibet (NL))
2026-06-01 15:58 UTC,VALUE_BET,hockey,Carolina Hurricanes vs Vegas Golden Knights,NHL,h2h,10.24,ALTA,12.8,Vegas Golden Knights@3.0 (Grosvenor)
2026-06-01 15:58 UTC,VALUE_BET,hockey,Carolina Hurricanes vs Vegas Golden Knights,NHL,h2h,10.24,ALTA,12.8,Vegas Golden Knights@3.0 (Winamax (DE))
2026-06-01 15:58 UTC,VALUE_BET,hockey,Carolina Hurricanes vs Vegas Golden Knights,NHL,h2h,10.24,ALTA,12.8,Vegas Golden Knights@3.0 (Tipico)
2026-06-01 15:58 UTC,VALUE_BET,hockey,Carolina Hurricanes vs Vegas Golden Knights,NHL,h2h,9.14,ALTA,20.4,Carolina Hurricanes@2.12 (LeoVegas (SE))
2026-06-01 15:58 UTC,VALUE_BET,hockey,Carolina Hurricanes vs Vegas Golden Knights,NHL,h2h,9.14,ALTA,20.4,Carolina Hurricanes@2.12 (Unibet (SE))
2026-06-01 15:58 UTC,VALUE_BET,hockey,Carolina Hurricanes vs Vegas Golden Knights,NHL,h2h,8.62,ALTA,19.42,Carolina Hurricanes@2.11 (Coolbet)
2026-06-01 15:58 UTC,VALUE_BET,hockey,Carolina Hurricanes vs Vegas Golden Knights,NHL,h2h,8.41,ALTA,10.78,Vegas Golden Knights@2.95 (Unibet (UK))
2026-06-01 15:58 UTC,VALUE_BET,hockey,Carolina Hurricanes vs Vegas Golden Knights,NHL,h2h,8.41,ALTA,10.78,Vegas Golden Knights@2.95 (Betclic (FR))
2026-06-01 21:36 UTC,ARBITRAGE,tennis,Frances Tiafoe vs Matteo Arnaldi,ATP French Open,h2h,2.424,SURE,24.24,"{""Matteo Arnaldi"": {""bookmaker"": ""Coral"", ""odds"": 15.0, ""stake_pct"": 6.83, ""stake_amount"": 68.32}, ""Frances Tiafoe"": {""bookmaker"": ""Pinnacle"", ""odds"": 1.1, ""stake_pct"": 93.17, ""stake_amount"": 931.68}}"
2026-06-01 21:36 UTC,ARBITRAGE,tennis,Felix Auger-Aliassime vs Flavio Cobolli,ATP French Open,h2h,0.495,SURE,4.95,"{""Felix Auger-Aliassime"": {""bookmaker"": ""Matchbook"", ""odds"": 2.02, ""stake_pct"": 49.75, ""stake_amount"": 497.51}, ""Flavio Cobolli"": {""bookmaker"": ""Unibet (SE)"", ""odds"": 2.0, ""stake_pct"": 50.25, ""stake_amount"": 502.49}}"
2026-06-01 21:36 UTC,VALUE_BET,hockey,Carolina Hurricanes vs Vegas Golden Knights,NHL,h2h,14.8,ALTA,17.21,Vegas Golden Knights@3.15 (LeoVegas (SE))
2026-06-01 21:36 UTC,VALUE_BET,hockey,Carolina Hurricanes vs Vegas Golden Knights,NHL,h2h,14.8,ALTA,17.21,Vegas Golden Knights@3.15 (Unibet (SE))
2026-06-01 21:36 UTC,VALUE_BET,hockey,Carolina Hurricanes vs Vegas Golden Knights,NHL,h2h,13.7,ALTA,16.16,Vegas Golden Knights@3.12 (1xBet)
2026-06-01 21:36 UTC,VALUE_BET,hockey,Carolina Hurricanes vs Vegas Golden Knights,NHL,h2h,12.97,ALTA,15.45,Vegas Golden Knights@3.1 (Casumo)
2026-06-01 21:36 UTC,VALUE_BET,hockey,Carolina Hurricanes vs Vegas Golden Knights,NHL,h2h,12.97,ALTA,15.45,Vegas Golden Knights@3.1 (Unibet (NL))
2026-06-01 21:36 UTC,VALUE_BET,hockey,Carolina Hurricanes vs Vegas Golden Knights,NHL,h2h,12.97,ALTA,15.45,Vegas Golden Knights@3.1 (Grosvenor)
2026-06-01 21:36 UTC,VALUE_BET,hockey,Carolina Hurricanes vs Vegas Golden Knights,NHL,h2h,12.25,ALTA,14.72,Vegas Golden Knights@3.08 (Marathon Bet)
2026-06-01 21:36 UTC,VALUE_BET,hockey,Carolina Hurricanes vs Vegas Golden Knights,NHL,h2h,9.33,ALTA,11.66,Vegas Golden Knights@3.0 (Coolbet)
2026-06-01 21:36 UTC,VALUE_BET,hockey,Carolina Hurricanes vs Vegas Golden Knights,NHL,h2h,9.33,ALTA,11.66,Vegas Golden Knights@3.0 (LeoVegas)
2026-06-01 21:36 UTC,VALUE_BET,hockey,Carolina Hurricanes vs Vegas Golden Knights,NHL,h2h,9.33,ALTA,11.66,Vegas Golden Knights@3.0 (Winamax (DE))
2026-06-01 21:36 UTC,VALUE_BET,hockey,Carolina Hurricanes vs Vegas Golden Knights,NHL,h2h,9.32,ALTA,20.98,Carolina Hurricanes@2.11 (1xBet)
2026-06-01 21:36 UTC,VALUE_BET,hockey,Carolina Hurricanes vs Vegas Golden Knights,NHL,h2h,9.32,ALTA,20.98,Carolina Hurricanes@2.11 (Coolbet)
2026-06-01 21:36 UTC,VALUE_BET,hockey,Carolina Hurricanes vs Vegas Golden Knights,NHL,h2h,8.8,ALTA,20.0,Carolina Hurricanes@2.1 (Winamax (DE))
2026-06-01 21:36 UTC,VALUE_BET,hockey,Carolina Hurricanes vs Vegas Golden Knights,NHL,h2h,7.76,ALTA,17.97,Carolina Hurricanes@2.08 (Marathon Bet)
2026-06-01 21:36 UTC,VALUE_BET,hockey,Carolina Hurricanes vs Vegas Golden Knights,NHL,h2h,7.76,ALTA,17.97,Carolina Hurricanes@2.08 (Unibet (UK))
2026-06-02 14:05 UTC,ARBITRAGE,tennis,Rafael Jodar vs Alexander Zverev,ATP French Open,h2h,1.461,SURE,14.61,"{""Rafael Jodar"": {""bookmaker"": ""MyBookie.ag"", ""odds"": 7.25, ""stake_pct"": 14.0, ""stake_amount"": 139.98}, ""Alexander Zverev"": {""bookmaker"": ""Pinnacle"", ""odds"": 1.18, ""stake_pct"": 86.0, ""stake_amount"": 860.02}}"
2026-06-02 14:05 UTC,ARBITRAGE,tennis,Anna Kalinskaya vs Maja Chwalinska,WTA French Open,h2h,1.22,SURE,12.2,"{""Maja Chwalinska"": {""bookmaker"": ""LeoVegas"", ""odds"": 2.05, ""stake_pct"": 49.38, ""stake_amount"": 493.83}, ""Anna Kalinskaya"": {""bookmaker"": ""Matchbook"", ""odds"": 2.0, ""stake_pct"": 50.62, ""stake_amount"": 506.17}}"
2026-06-02 14:05 UTC,ARBITRAGE,tennis,Aryna Sabalenka vs Diana Shnaider,WTA French Open,h2h,0.641,SURE,6.41,"{""Aryna Sabalenka"": {""bookmaker"": ""1xBet"", ""odds"": 1.17, ""stake_pct"": 86.02, ""stake_amount"": 860.22}, ""Diana Shnaider"": {""bookmaker"": ""Betfair"", ""odds"": 7.2, ""stake_pct"": 13.98, ""stake_amount"": 139.78}}"
2026-06-02 14:05 UTC,VALUE_BET,hockey,Carolina Hurricanes vs Vegas Golden Knights,NHL,h2h,14.17,ALTA,16.48,Vegas Golden Knights@3.15 (1xBet)
2026-06-02 14:05 UTC,VALUE_BET,hockey,Carolina Hurricanes vs Vegas Golden Knights,NHL,h2h,14.17,ALTA,16.48,Vegas Golden Knights@3.15 (LeoVegas (SE))
2026-06-02 14:05 UTC,VALUE_BET,hockey,Carolina Hurricanes vs Vegas Golden Knights,NHL,h2h,14.17,ALTA,16.48,Vegas Golden Knights@3.15 (Unibet (SE))
2026-06-02 14:05 UTC,VALUE_BET,hockey,Carolina Hurricanes vs Vegas Golden Knights,NHL,h2h,12.36,ALTA,14.72,Vegas Golden Knights@3.1 (Coolbet)
2026-06-02 14:05 UTC,VALUE_BET,hockey,Carolina Hurricanes vs Vegas Golden Knights,NHL,h2h,12.36,ALTA,14.72,Vegas Golden Knights@3.1 (Marathon Bet)
2026-06-02 14:05 UTC,VALUE_BET,hockey,Carolina Hurricanes vs Vegas Golden Knights,NHL,h2h,12.36,ALTA,14.72,Vegas Golden Knights@3.1 (Casumo)
2026-06-02 14:05 UTC,VALUE_BET,hockey,Carolina Hurricanes vs Vegas Golden Knights,NHL,h2h,12.36,ALTA,14.72,Vegas Golden Knights@3.1 (Unibet (NL))
2026-06-02 14:05 UTC,VALUE_BET,hockey,Carolina Hurricanes vs Vegas Golden Knights,NHL,h2h,12.36,ALTA,14.72,Vegas Golden Knights@3.1 (Grosvenor)
2026-06-02 14:05 UTC,VALUE_BET,hockey,Carolina Hurricanes vs Vegas Golden Knights,NHL,h2h,10.55,ALTA,12.86,Vegas Golden Knights@3.05 (Unibet (UK))
2026-06-02 14:05 UTC,VALUE_BET,hockey,Carolina Hurricanes vs Vegas Golden Knights,NHL,h2h,10.55,ALTA,12.86,Vegas Golden Knights@3.05 (LeoVegas)
2026-06-02 14:05 UTC,VALUE_BET,hockey,Carolina Hurricanes vs Vegas Golden Knights,NHL,h2h,10.55,ALTA,12.86,Vegas Golden Knights@3.05 (Winamax (DE))
2026-06-02 14:05 UTC,VALUE_BET,hockey,Carolina Hurricanes vs Vegas Golden Knights,NHL,h2h,9.72,ALTA,22.08,Carolina Hurricanes@2.1 (1xBet)
2026-06-02 14:05 UTC,VALUE_BET,hockey,Carolina Hurricanes vs Vegas Golden Knights,NHL,h2h,8.74,ALTA,10.92,Vegas Golden Knights@3.0 (Unibet (FR))
2026-06-02 14:05 UTC,VALUE_BET,hockey,Carolina Hurricanes vs Vegas Golden Knights,NHL,h2h,8.74,ALTA,10.92,Vegas Golden Knights@3.0 (Betway)
2026-06-02 14:05 UTC,VALUE_BET,hockey,Carolina Hurricanes vs Vegas Golden Knights,NHL,h2h,8.67,ALTA,20.07,Carolina Hurricanes@2.08 (Unibet (UK))
2026-06-02 20:53 UTC,ARBITRAGE,tennis,Aryna Sabalenka vs Diana Shnaider,WTA French Open,h2h,0.635,SURE,6.35,"{""Aryna Sabalenka"": {""bookmaker"": ""1xBet"", ""odds"": 1.16, ""stake_pct"": 86.76, ""stake_amount"": 867.58}, ""Diana Shnaider"": {""bookmaker"": ""Betfair"", ""odds"": 7.6, ""stake_pct"": 13.24, ""stake_amount"": 132.42}}"
2026-06-02 20:53 UTC,VALUE_BET,tennis,Jakub Mensik vs Joao Fonseca,ATP French Open,h2h,20.32,ALTA,16.94,Joao Fonseca@4.0 (Coolbet)
2026-06-02 20:53 UTC,VALUE_BET,hockey,Carolina Hurricanes vs Vegas Golden Knights,NHL,h2h,15.33,ALTA,17.42,Vegas Golden Knights@3.2 (LeoVegas (SE))
2026-06-02 20:53 UTC,VALUE_BET,hockey,Carolina Hurricanes vs Vegas Golden Knights,NHL,h2h,15.33,ALTA,17.42,Vegas Golden Knights@3.2 (Unibet (SE))
2026-06-02 20:53 UTC,VALUE_BET,tennis,Jakub Mensik vs Joao Fonseca,ATP French Open,h2h,14.31,ALTA,12.77,Joao Fonseca@3.8 (Betfair)
2026-06-02 20:53 UTC,VALUE_BET,tennis,Jakub Mensik vs Joao Fonseca,ATP French Open,h2h,14.31,ALTA,12.77,Joao Fonseca@3.8 (Casumo)
2026-06-02 20:53 UTC,VALUE_BET,hockey,Carolina Hurricanes vs Vegas Golden Knights,NHL,h2h,13.53,ALTA,15.73,Vegas Golden Knights@3.15 (Casumo)
2026-06-02 20:53 UTC,VALUE_BET,hockey,Carolina Hurricanes vs Vegas Golden Knights,NHL,h2h,13.53,ALTA,15.73,Vegas Golden Knights@3.15 (Unibet (NL))
2026-06-02 20:53 UTC,VALUE_BET,hockey,Carolina Hurricanes vs Vegas Golden Knights,NHL,h2h,13.53,ALTA,15.73,Vegas Golden Knights@3.15 (Grosvenor)
2026-06-02 20:53 UTC,VALUE_BET,tennis,Jakub Mensik vs Joao Fonseca,ATP French Open,h2h,12.8,ALTA,11.64,Joao Fonseca@3.75 (888sport)
2026-06-02 20:53 UTC,VALUE_BET,hockey,Carolina Hurricanes vs Vegas Golden Knights,NHL,h2h,12.45,ALTA,14.68,Vegas Golden Knights@3.12 (1xBet)
2026-06-02 20:53 UTC,VALUE_BET,hockey,Carolina Hurricanes vs Vegas Golden Knights,NHL,h2h,11.73,ALTA,13.96,Vegas Golden Knights@3.1 (Coolbet)
2026-06-02 20:53 UTC,VALUE_BET,tennis,Jakub Mensik vs Joao Fonseca,ATP French Open,h2h,11.3,ALTA,10.46,Joao Fonseca@3.7 (Smarkets)
2026-06-02 20:53 UTC,VALUE_BET,hockey,Carolina Hurricanes vs Vegas Golden Knights,NHL,h2h,11.0,ALTA,13.23,Vegas Golden Knights@3.08 (Marathon Bet)
2026-06-02 20:53 UTC,VALUE_BET,hockey,Carolina Hurricanes vs Vegas Golden Knights,NHL,h2h,9.92,ALTA,12.1,Vegas Golden Knights@3.05 (Unibet (UK))
2026-06-02 20:53 UTC,VALUE_BET,hockey,Carolina Hurricanes vs Vegas Golden Knights,NHL,h2h,9.92,ALTA,12.1,Vegas Golden Knights@3.05 (LeoVegas)
2026-06-03 14:44 UTC,ARBITRAGE,tennis,Felix Auger-Aliassime vs Flavio Cobolli,ATP French Open,h2h,2.913,SURE,29.13,"{""Felix Auger-Aliassime"": {""bookmaker"": ""Betfair"", ""odds"": 2.06, ""stake_pct"": 50.0, ""stake_amount"": 500.0}, ""Flavio Cobolli"": {""bookmaker"": ""Matchbook"", ""odds"": 2.06, ""stake_pct"": 50.0, ""stake_amount"": 500.0}}"
2026-06-03 14:44 UTC,VALUE_BET,hockey,Carolina Hurricanes vs Vegas Golden Knights,NHL,h2h,12.78,ALTA,14.86,Vegas Golden Knights@3.15 (Unibet (SE))
2026-06-03 14:44 UTC,VALUE_BET,hockey,Carolina Hurricanes vs Vegas Golden Knights,NHL,h2h,12.78,ALTA,14.86,Vegas Golden Knights@3.15 (LeoVegas (SE))
2026-06-03 14:44 UTC,VALUE_BET,hockey,Carolina Hurricanes vs Vegas Golden Knights,NHL,h2h,11.71,ALTA,13.81,Vegas Golden Knights@3.12 (1xBet)
2026-06-03 14:44 UTC,VALUE_BET,hockey,Carolina Hurricanes vs Vegas Golden Knights,NHL,h2h,10.99,ALTA,13.09,Vegas Golden Knights@3.1 (Coolbet)
2026-06-03 14:44 UTC,VALUE_BET,hockey,Carolina Hurricanes vs Vegas Golden Knights,NHL,h2h,10.99,ALTA,13.09,Vegas Golden Knights@3.1 (Unibet (NL))
2026-06-03 14:44 UTC,VALUE_BET,hockey,Carolina Hurricanes vs Vegas Golden Knights,NHL,h2h,10.99,ALTA,13.09,Vegas Golden Knights@3.1 (Casumo)
2026-06-03 14:44 UTC,VALUE_BET,hockey,Carolina Hurricanes vs Vegas Golden Knights,NHL,h2h,10.99,ALTA,13.09,Vegas Golden Knights@3.1 (Grosvenor)
2026-06-03 14:44 UTC,VALUE_BET,hockey,Carolina Hurricanes vs Vegas Golden Knights,NHL,h2h,10.99,ALTA,13.09,Vegas Golden Knights@3.1 (Tipico)
2026-06-03 14:44 UTC,VALUE_BET,hockey,Carolina Hurricanes vs Vegas Golden Knights,NHL,h2h,10.28,ALTA,12.35,Vegas Golden Knights@3.08 (Marathon Bet)
2026-06-03 14:44 UTC,VALUE_BET,hockey,Carolina Hurricanes vs Vegas Golden Knights,NHL,h2h,9.83,ALTA,22.34,Carolina Hurricanes@2.1 (Unibet (SE))
2026-06-03 14:44 UTC,VALUE_BET,hockey,Carolina Hurricanes vs Vegas Golden Knights,NHL,h2h,9.83,ALTA,22.34,Carolina Hurricanes@2.1 (LeoVegas (SE))
2026-06-03 14:44 UTC,VALUE_BET,hockey,Carolina Hurricanes vs Vegas Golden Knights,NHL,h2h,9.3,ALTA,21.34,Carolina Hurricanes@2.09 (1xBet)
2026-06-03 14:44 UTC,VALUE_BET,hockey,Carolina Hurricanes vs Vegas Golden Knights,NHL,h2h,9.2,ALTA,11.22,Vegas Golden Knights@3.05 (Unibet (UK))
2026-06-03 14:44 UTC,VALUE_BET,hockey,Carolina Hurricanes vs Vegas Golden Knights,NHL,h2h,8.13,ALTA,10.06,Vegas Golden Knights@3.02 (Betclic (FR))
2026-06-03 14:44 UTC,VALUE_BET,hockey,Carolina Hurricanes vs Vegas Golden Knights,NHL,h2h,7.74,ALTA,18.24,Carolina Hurricanes@2.06 (Marathon Bet)
2026-06-03 21:18 UTC,ARBITRAGE,tennis,Matteo Arnaldi vs Flavio Cobolli,ATP French Open,h2h,0.436,SURE,4.36,"{""Flavio Cobolli"": {""bookmaker"": ""Betfair"", ""odds"": 1.56, ""stake_pct"": 64.38, ""stake_amount"": 643.84}, ""Matteo Arnaldi"": {""bookmaker"": ""1xBet"", ""odds"": 2.82, ""stake_pct"": 35.62, ""stake_amount"": 356.16}}"
2026-06-03 21:18 UTC,VALUE_BET,hockey,Carolina Hurricanes vs Vegas Golden Knights,NHL,h2h,13.97,ALTA,15.88,Vegas Golden Knights@3.2 (Unibet (SE))
2026-06-03 21:18 UTC,VALUE_BET,hockey,Carolina Hurricanes vs Vegas Golden Knights,NHL,h2h,13.97,ALTA,15.88,Vegas Golden Knights@3.2 (LeoVegas (SE))
2026-06-03 21:18 UTC,VALUE_BET,hockey,Carolina Hurricanes vs Vegas Golden Knights,NHL,h2h,12.19,ALTA,14.18,Vegas Golden Knights@3.15 (Unibet (NL))
2026-06-03 21:18 UTC,VALUE_BET,hockey,Carolina Hurricanes vs Vegas Golden Knights,NHL,h2h,12.19,ALTA,14.18,Vegas Golden Knights@3.15 (Casumo)
2026-06-03 21:18 UTC,VALUE_BET,hockey,Carolina Hurricanes vs Vegas Golden Knights,NHL,h2h,12.19,ALTA,14.18,Vegas Golden Knights@3.15 (Grosvenor)
2026-06-03 21:18 UTC,VALUE_BET,hockey,Carolina Hurricanes vs Vegas Golden Knights,NHL,h2h,11.12,ALTA,13.12,Vegas Golden Knights@3.12 (1xBet)
2026-06-03 21:18 UTC,VALUE_BET,hockey,Carolina Hurricanes vs Vegas Golden Knights,NHL,h2h,10.41,ALTA,12.39,Vegas Golden Knights@3.1 (Coolbet)
2026-06-03 21:18 UTC,VALUE_BET,hockey,Carolina Hurricanes vs Vegas Golden Knights,NHL,h2h,10.41,ALTA,12.39,Vegas Golden Knights@3.1 (Tipico)
2026-06-03 21:18 UTC,VALUE_BET,hockey,Carolina Hurricanes vs Vegas Golden Knights,NHL,h2h,9.7,ALTA,11.66,Vegas Golden Knights@3.08 (Marathon Bet)
2026-06-03 21:18 UTC,VALUE_BET,hockey,Carolina Hurricanes vs Vegas Golden Knights,NHL,h2h,9.68,ALTA,22.21,Carolina Hurricanes@2.09 (1xBet)
2026-06-03 21:18 UTC,VALUE_BET,hockey,Carolina Hurricanes vs Vegas Golden Knights,NHL,h2h,8.63,ALTA,20.17,Carolina Hurricanes@2.07 (Unibet (SE))
2026-06-03 21:18 UTC,VALUE_BET,hockey,Carolina Hurricanes vs Vegas Golden Knights,NHL,h2h,8.63,ALTA,20.17,Carolina Hurricanes@2.07 (LeoVegas (SE))
2026-06-03 21:18 UTC,VALUE_BET,hockey,Carolina Hurricanes vs Vegas Golden Knights,NHL,h2h,8.63,ALTA,10.52,Vegas Golden Knights@3.05 (Unibet (UK))
2026-06-03 21:18 UTC,VALUE_BET,hockey,Carolina Hurricanes vs Vegas Golden Knights,NHL,h2h,8.63,ALTA,10.52,Vegas Golden Knights@3.05 (LeoVegas)
2026-06-03 21:18 UTC,VALUE_BET,hockey,Carolina Hurricanes vs Vegas Golden Knights,NHL,h2h,8.11,ALTA,19.13,Carolina Hurricanes@2.06 (Marathon Bet)
2026-06-04 12:45 UTC,ARBITRAGE,tennis,Marta Kostyuk vs Mirra Andreeva,WTA French Open,h2h,0.782,SURE,7.82,"{""Mirra Andreeva"": {""bookmaker"": ""BoyleSports"", ""odds"": 2.2, ""stake_pct"": 45.81, ""stake_amount"": 458.13}, ""Marta Kostyuk"": {""bookmaker"": ""Betfair"", ""odds"": 1.86, ""stake_pct"": 54.19, ""stake_amount"": 541.87}}"
2026-06-04 12:45 UTC,VALUE_BET,hockey,Carolina Hurricanes vs Vegas Golden Knights,NHL,h2h,13.38,ALTA,15.2,Vegas Golden Knights@3.2 (Unibet (SE))
2026-06-04 12:45 UTC,VALUE_BET,hockey,Carolina Hurricanes vs Vegas Golden Knights,NHL,h2h,13.38,ALTA,15.2,Vegas Golden Knights@3.2 (LeoVegas (SE))
2026-06-04 12:45 UTC,VALUE_BET,hockey,Carolina Hurricanes vs Vegas Golden Knights,NHL,h2h,13.02,ALTA,14.87,Vegas Golden Knights@3.19 (1xBet)
2026-06-04 12:45 UTC,VALUE_BET,hockey,Carolina Hurricanes vs Vegas Golden Knights,NHL,h2h,10.54,ALTA,12.43,Vegas Golden Knights@3.12 (Marathon Bet)
2026-06-04 12:45 UTC,VALUE_BET,hockey,Carolina Hurricanes vs Vegas Golden Knights,NHL,h2h,9.83,ALTA,11.71,Vegas Golden Knights@3.1 (Coolbet)
2026-06-04 12:45 UTC,VALUE_BET,hockey,Carolina Hurricanes vs Vegas Golden Knights,NHL,h2h,9.83,ALTA,11.71,Vegas Golden Knights@3.1 (Unibet (NL))
2026-06-04 12:45 UTC,VALUE_BET,hockey,Carolina Hurricanes vs Vegas Golden Knights,NHL,h2h,9.83,ALTA,11.71,Vegas Golden Knights@3.1 (Casumo)
2026-06-04 12:45 UTC,VALUE_BET,hockey,Carolina Hurricanes vs Vegas Golden Knights,NHL,h2h,9.83,ALTA,11.71,Vegas Golden Knights@3.1 (Grosvenor)
2026-06-04 12:45 UTC,VALUE_BET,hockey,Carolina Hurricanes vs Vegas Golden Knights,NHL,h2h,8.93,ALTA,20.68,Carolina Hurricanes@2.08 (1xBet)
2026-06-04 12:45 UTC,VALUE_BET,hockey,Carolina Hurricanes vs Vegas Golden Knights,NHL,h2h,8.93,ALTA,20.68,Carolina Hurricanes@2.08 (Unibet (UK))
2026-06-04 12:45 UTC,VALUE_BET,hockey,Carolina Hurricanes vs Vegas Golden Knights,NHL,h2h,8.93,ALTA,20.68,Carolina Hurricanes@2.08 (Unibet (SE))
2026-06-04 12:45 UTC,VALUE_BET,hockey,Carolina Hurricanes vs Vegas Golden Knights,NHL,h2h,8.93,ALTA,20.68,Carolina Hurricanes@2.08 (LeoVegas (SE))
2026-06-04 12:45 UTC,VALUE_BET,hockey,Carolina Hurricanes vs Vegas Golden Knights,NHL,h2h,8.06,ALTA,9.83,Vegas Golden Knights@3.05 (Unibet (UK))
2026-06-04 12:45 UTC,VALUE_BET,hockey,Carolina Hurricanes vs Vegas Golden Knights,NHL,h2h,8.06,ALTA,9.83,Vegas Golden Knights@3.05 (LeoVegas)
2026-06-04 12:45 UTC,VALUE_BET,hockey,Carolina Hurricanes vs Vegas Golden Knights,NHL,h2h,7.36,ALTA,17.53,Carolina Hurricanes@2.05 (Betway)
2026-06-04 20:09 UTC,ARBITRAGE,tennis,Maja Chwalinska vs Mirra Andreeva,WTA French Open,h2h,2.02,SURE,20.2,"{""Maja Chwalinska"": {""bookmaker"": ""Betfair"", ""odds"": 4.5, ""stake_pct"": 22.68, ""stake_amount"": 226.8}, ""Mirra Andreeva"": {""bookmaker"": ""1xBet"", ""odds"": 1.32, ""stake_pct"": 77.32, ""stake_amount"": 773.2}}"
2026-06-04 20:09 UTC,VALUE_BET,hockey,Carolina Hurricanes vs Vegas Golden Knights,NHL,h2h,14.74,ALTA,16.38,Vegas Golden Knights@3.25 (Unibet (SE))
2026-06-04 20:09 UTC,VALUE_BET,hockey,Carolina Hurricanes vs Vegas Golden Knights,NHL,h2h,14.74,ALTA,16.38,Vegas Golden Knights@3.25 (LeoVegas (SE))
2026-06-04 20:09 UTC,VALUE_BET,hockey,Carolina Hurricanes vs Vegas Golden Knights,NHL,h2h,14.03,ALTA,15.73,Vegas Golden Knights@3.23 (1xBet)
2026-06-04 20:09 UTC,VALUE_BET,hockey,Carolina Hurricanes vs Vegas Golden Knights,NHL,h2h,12.97,ALTA,14.74,Vegas Golden Knights@3.2 (Unibet (NL))
2026-06-04 20:09 UTC,VALUE_BET,hockey,Carolina Hurricanes vs Vegas Golden Knights,NHL,h2h,12.97,ALTA,14.74,Vegas Golden Knights@3.2 (Casumo)
2026-06-04 20:09 UTC,VALUE_BET,hockey,Carolina Hurricanes vs Vegas Golden Knights,NHL,h2h,12.97,ALTA,14.74,Vegas Golden Knights@3.2 (Grosvenor)
2026-06-04 20:09 UTC,VALUE_BET,hockey,Carolina Hurricanes vs Vegas Golden Knights,NHL,h2h,11.56,ALTA,13.38,Vegas Golden Knights@3.16 (Marathon Bet)
2026-06-04 20:09 UTC,VALUE_BET,hockey,Carolina Hurricanes vs Vegas Golden Knights,NHL,h2h,11.21,ALTA,13.03,Vegas Golden Knights@3.15 (LeoVegas)
2026-06-04 20:09 UTC,VALUE_BET,hockey,Carolina Hurricanes vs Vegas Golden Knights,NHL,h2h,10.09,ALTA,23.35,Carolina Hurricanes@2.08 (Unibet (SE))
2026-06-04 20:09 UTC,VALUE_BET,hockey,Carolina Hurricanes vs Vegas Golden Knights,NHL,h2h,10.09,ALTA,23.35,Carolina Hurricanes@2.08 (LeoVegas (SE))
2026-06-04 20:09 UTC,VALUE_BET,hockey,Carolina Hurricanes vs Vegas Golden Knights,NHL,h2h,9.56,ALTA,22.33,Carolina Hurricanes@2.07 (1xBet)
2026-06-04 20:09 UTC,VALUE_BET,hockey,Carolina Hurricanes vs Vegas Golden Knights,NHL,h2h,9.44,ALTA,11.24,Vegas Golden Knights@3.1 (Tipico)
2026-06-04 20:09 UTC,VALUE_BET,hockey,Carolina Hurricanes vs Vegas Golden Knights,NHL,h2h,8.74,ALTA,10.5,Vegas Golden Knights@3.08 (Coolbet)
2026-06-04 20:09 UTC,VALUE_BET,hockey,Carolina Hurricanes vs Vegas Golden Knights,NHL,h2h,8.5,ALTA,20.23,Carolina Hurricanes@2.05 (Betway)
2026-06-04 20:09 UTC,VALUE_BET,hockey,Carolina Hurricanes vs Vegas Golden Knights,NHL,h2h,7.97,ALTA,19.16,Carolina Hurricanes@2.04 (Coolbet)
2026-06-05 12:40 UTC,ARBITRAGE,tennis,Jakub Mensik vs Alexander Zverev,ATP French Open,h2h,1.338,SURE,13.38,"{""Jakub Mensik"": {""bookmaker"": ""Smarkets"", ""odds"": 4.6, ""stake_pct"": 22.03, ""stake_amount"": 220.34}, ""Alexander Zverev"": {""bookmaker"": ""MyBookie.ag"", ""odds"": 1.3, ""stake_pct"": 77.97, ""stake_amount"": 779.66}}"
2026-06-05 12:40 UTC,VALUE_BET,hockey,Vegas Golden Knights vs Carolina Hurricanes,NHL,h2h,14.08,ALTA,21.6,Vegas Golden Knights@2.63 (LeoVegas (SE))
2026-06-05 12:40 UTC,VALUE_BET,hockey,Vegas Golden Knights vs Carolina Hurricanes,NHL,h2h,14.08,ALTA,21.6,Vegas Golden Knights@2.63 (Unibet (SE))
2026-06-05 12:40 UTC,VALUE_BET,hockey,Vegas Golden Knights vs Carolina Hurricanes,NHL,h2h,10.72,ALTA,17.63,Carolina Hurricanes@2.52 (1xBet)
2026-06-05 12:40 UTC,VALUE_BET,hockey,Vegas Golden Knights vs Carolina Hurricanes,NHL,h2h,10.61,ALTA,17.11,Vegas Golden Knights@2.55 (Unibet (NL))
2026-06-05 12:40 UTC,VALUE_BET,hockey,Vegas Golden Knights vs Carolina Hurricanes,NHL,h2h,10.61,ALTA,17.11,Vegas Golden Knights@2.55 (Grosvenor)
2026-06-05 12:40 UTC,VALUE_BET,hockey,Vegas Golden Knights vs Carolina Hurricanes,NHL,h2h,10.61,ALTA,17.11,Vegas Golden Knights@2.55 (Casumo)
2026-06-05 12:40 UTC,VALUE_BET,hockey,Vegas Golden Knights vs Carolina Hurricanes,NHL,h2h,9.84,ALTA,16.4,Carolina Hurricanes@2.5 (LeoVegas (SE))
2026-06-05 12:40 UTC,VALUE_BET,hockey,Vegas Golden Knights vs Carolina Hurricanes,NHL,h2h,9.84,ALTA,16.4,Carolina Hurricanes@2.5 (Coolbet)
2026-06-05 12:40 UTC,VALUE_BET,hockey,Vegas Golden Knights vs Carolina Hurricanes,NHL,h2h,9.84,ALTA,16.4,Carolina Hurricanes@2.5 (Unibet (SE))
2026-06-05 12:40 UTC,VALUE_BET,hockey,Vegas Golden Knights vs Carolina Hurricanes,NHL,h2h,9.74,ALTA,15.92,Vegas Golden Knights@2.53 (1xBet)
2026-06-05 12:40 UTC,VALUE_BET,hockey,Vegas Golden Knights vs Carolina Hurricanes,NHL,h2h,8.96,ALTA,15.14,Carolina Hurricanes@2.48 (Marathon Bet)
2026-06-05 12:40 UTC,VALUE_BET,hockey,Vegas Golden Knights vs Carolina Hurricanes,NHL,h2h,8.44,ALTA,14.07,Vegas Golden Knights@2.5 (LeoVegas)
2026-06-05 12:40 UTC,VALUE_BET,hockey,Vegas Golden Knights vs Carolina Hurricanes,NHL,h2h,8.44,ALTA,14.07,Vegas Golden Knights@2.5 (Coolbet)
2026-06-05 12:40 UTC,VALUE_BET,hockey,Vegas Golden Knights vs Carolina Hurricanes,NHL,h2h,8.01,ALTA,13.44,Vegas Golden Knights@2.49 (Marathon Bet)
2026-06-05 12:40 UTC,VALUE_BET,hockey,Vegas Golden Knights vs Carolina Hurricanes,NHL,h2h,7.64,ALTA,13.18,Carolina Hurricanes@2.45 (Unibet (NL))
2026-06-05 19:58 UTC,VALUE_BET,hockey,Vegas Golden Knights vs Carolina Hurricanes,NHL,h2h,13.38,ALTA,20.91,Carolina Hurricanes@2.6 (LeoVegas (SE))
2026-06-05 19:58 UTC,VALUE_BET,hockey,Vegas Golden Knights vs Carolina Hurricanes,NHL,h2h,13.38,ALTA,20.91,Carolina Hurricanes@2.6 (Unibet (SE))
2026-06-05 19:58 UTC,VALUE_BET,hockey,Vegas Golden Knights vs Carolina Hurricanes,NHL,h2h,12.08,ALTA,19.23,Carolina Hurricanes@2.57 (1xBet)
2026-06-05 19:58 UTC,VALUE_BET,hockey,Vegas Golden Knights vs Carolina Hurricanes,NHL,h2h,11.2,ALTA,18.07,Carolina Hurricanes@2.55 (Unibet (NL))
2026-06-05 19:58 UTC,VALUE_BET,hockey,Vegas Golden Knights vs Carolina Hurricanes,NHL,h2h,11.2,ALTA,18.07,Carolina Hurricanes@2.55 (Grosvenor)
2026-06-05 19:58 UTC,VALUE_BET,hockey,Vegas Golden Knights vs Carolina Hurricanes,NHL,h2h,11.2,ALTA,18.07,Carolina Hurricanes@2.55 (Casumo)
2026-06-05 19:58 UTC,VALUE_BET,hockey,Vegas Golden Knights vs Carolina Hurricanes,NHL,h2h,10.33,ALTA,16.88,Carolina Hurricanes@2.53 (Marathon Bet)
2026-06-05 19:58 UTC,VALUE_BET,hockey,Vegas Golden Knights vs Carolina Hurricanes,NHL,h2h,10.2,ALTA,17.0,Vegas Golden Knights@2.5 (LeoVegas (SE))
2026-06-05 19:58 UTC,VALUE_BET,hockey,Vegas Golden Knights vs Carolina Hurricanes,NHL,h2h,10.2,ALTA,17.0,Vegas Golden Knights@2.5 (Coolbet)
2026-06-05 19:58 UTC,VALUE_BET,hockey,Vegas Golden Knights vs Carolina Hurricanes,NHL,h2h,10.2,ALTA,17.0,Vegas Golden Knights@2.5 (Unibet (SE))
2026-06-05 19:58 UTC,VALUE_BET,hockey,Vegas Golden Knights vs Carolina Hurricanes,NHL,h2h,10.2,ALTA,17.0,Vegas Golden Knights@2.5 (1xBet)
2026-06-05 19:58 UTC,VALUE_BET,hockey,Vegas Golden Knights vs Carolina Hurricanes,NHL,h2h,9.02,ALTA,15.04,Carolina Hurricanes@2.5 (Coolbet)
2026-06-05 19:58 UTC,VALUE_BET,hockey,Vegas Golden Knights vs Carolina Hurricanes,NHL,h2h,8.44,ALTA,14.44,Vegas Golden Knights@2.46 (Marathon Bet)
2026-06-05 19:58 UTC,VALUE_BET,hockey,Vegas Golden Knights vs Carolina Hurricanes,NHL,h2h,8.15,ALTA,13.77,Carolina Hurricanes@2.48 (LeoVegas)
2026-06-05 19:58 UTC,VALUE_BET,basketball,San Antonio Spurs vs New York Knicks,NBA,h2h,2.95,MEDIA,3.52,New York Knicks@3.1 (Betfair)
2026-06-06 11:36 UTC,ARBITRAGE,tennis,Maja Chwalinska vs Mirra Andreeva,WTA French Open,h2h,1.481,SURE,14.81,"{""Mirra Andreeva"": {""bookmaker"": ""Bet Victor"", ""odds"": 1.25, ""stake_pct"": 81.2, ""stake_amount"": 812.03}, ""Maja Chwalinska"": {""bookmaker"": ""Betfair"", ""odds"": 5.4, ""stake_pct"": 18.8, ""stake_amount"": 187.97}}"
2026-06-06 11:36 UTC,VALUE_BET,hockey,Vegas Golden Knights vs Carolina Hurricanes,NHL,h2h,13.12,ALTA,20.49,Carolina Hurricanes@2.6 (LeoVegas (SE))
2026-06-06 11:36 UTC,VALUE_BET,hockey,Vegas Golden Knights vs Carolina Hurricanes,NHL,h2h,13.12,ALTA,20.49,Carolina Hurricanes@2.6 (Unibet (SE))
2026-06-06 11:36 UTC,VALUE_BET,hockey,Vegas Golden Knights vs Carolina Hurricanes,NHL,h2h,10.94,ALTA,17.65,Carolina Hurricanes@2.55 (Unibet (NL))
2026-06-06 11:36 UTC,VALUE_BET,hockey,Vegas Golden Knights vs Carolina Hurricanes,NHL,h2h,10.94,ALTA,17.65,Carolina Hurricanes@2.55 (Grosvenor)
2026-06-06 11:36 UTC,VALUE_BET,hockey,Vegas Golden Knights vs Carolina Hurricanes,NHL,h2h,10.94,ALTA,17.65,Carolina Hurricanes@2.55 (Casumo)
2026-06-06 11:36 UTC,VALUE_BET,hockey,Vegas Golden Knights vs Carolina Hurricanes,NHL,h2h,10.51,ALTA,17.06,Carolina Hurricanes@2.54 (1xBet)
2026-06-06 11:36 UTC,VALUE_BET,hockey,Vegas Golden Knights vs Carolina Hurricanes,NHL,h2h,10.44,ALTA,17.17,Vegas Golden Knights@2.52 (1xBet)
2026-06-06 11:36 UTC,VALUE_BET,hockey,Vegas Golden Knights vs Carolina Hurricanes,NHL,h2h,9.56,ALTA,15.94,Vegas Golden Knights@2.5 (LeoVegas (SE))
2026-06-06 11:36 UTC,VALUE_BET,hockey,Vegas Golden Knights vs Carolina Hurricanes,NHL,h2h,9.56,ALTA,15.94,Vegas Golden Knights@2.5 (Coolbet)
2026-06-06 11:36 UTC,VALUE_BET,hockey,Vegas Golden Knights vs Carolina Hurricanes,NHL,h2h,9.56,ALTA,15.94,Vegas Golden Knights@2.5 (Unibet (SE))
2026-06-06 11:36 UTC,VALUE_BET,hockey,Vegas Golden Knights vs Carolina Hurricanes,NHL,h2h,9.56,ALTA,15.94,Vegas Golden Knights@2.5 (Unibet (UK))
2026-06-06 11:36 UTC,VALUE_BET,hockey,Vegas Golden Knights vs Carolina Hurricanes,NHL,h2h,8.77,ALTA,14.61,Carolina Hurricanes@2.5 (Marathon Bet)
2026-06-06 11:36 UTC,VALUE_BET,hockey,Vegas Golden Knights vs Carolina Hurricanes,NHL,h2h,8.77,ALTA,14.61,Carolina Hurricanes@2.5 (LeoVegas)
2026-06-06 11:36 UTC,VALUE_BET,hockey,Vegas Golden Knights vs Carolina Hurricanes,NHL,h2h,8.77,ALTA,14.61,Carolina Hurricanes@2.5 (Coolbet)
2026-06-06 11:36 UTC,VALUE_BET,hockey,Vegas Golden Knights vs Carolina Hurricanes,NHL,h2h,7.37,ALTA,12.71,Vegas Golden Knights@2.45 (Unibet (NL))
2026-06-06 19:27 UTC,VALUE_BET,hockey,Vegas Golden Knights vs Carolina Hurricanes,NHL,h2h,14.1,ALTA,22.03,Carolina Hurricanes@2.6 (LeoVegas (SE))
2026-06-06 19:27 UTC,VALUE_BET,hockey,Vegas Golden Knights vs Carolina Hurricanes,NHL,h2h,14.1,ALTA,22.03,Carolina Hurricanes@2.6 (Unibet (SE))
2026-06-06 19:27 UTC,VALUE_BET,hockey,Vegas Golden Knights vs Carolina Hurricanes,NHL,h2h,12.26,ALTA,19.64,Vegas Golden Knights@2.56 (1xBet)
2026-06-06 19:27 UTC,VALUE_BET,hockey,Vegas Golden Knights vs Carolina Hurricanes,NHL,h2h,11.82,ALTA,19.06,Vegas Golden Knights@2.55 (LeoVegas (SE))
2026-06-06 19:27 UTC,VALUE_BET,hockey,Vegas Golden Knights vs Carolina Hurricanes,NHL,h2h,11.82,ALTA,19.06,Vegas Golden Knights@2.55 (Unibet (SE))
2026-06-06 19:27 UTC,VALUE_BET,hockey,Vegas Golden Knights vs Carolina Hurricanes,NHL,h2h,10.5,ALTA,17.27,Vegas Golden Knights@2.52 (Marathon Bet)
2026-06-06 19:27 UTC,VALUE_BET,hockey,Vegas Golden Knights vs Carolina Hurricanes,NHL,h2h,9.71,ALTA,16.19,Carolina Hurricanes@2.5 (Unibet (NL))
2026-06-06 19:27 UTC,VALUE_BET,hockey,Vegas Golden Knights vs Carolina Hurricanes,NHL,h2h,9.71,ALTA,16.19,Carolina Hurricanes@2.5 (Grosvenor)
2026-06-06 19:27 UTC,VALUE_BET,hockey,Vegas Golden Knights vs Carolina Hurricanes,NHL,h2h,9.71,ALTA,16.19,Carolina Hurricanes@2.5 (Coolbet)
2026-06-06 19:27 UTC,VALUE_BET,hockey,Vegas Golden Knights vs Carolina Hurricanes,NHL,h2h,9.71,ALTA,16.19,Carolina Hurricanes@2.5 (Casumo)
2026-06-06 19:27 UTC,VALUE_BET,hockey,Vegas Golden Knights vs Carolina Hurricanes,NHL,h2h,9.71,ALTA,16.19,Carolina Hurricanes@2.5 (1xBet)
2026-06-06 19:27 UTC,VALUE_BET,hockey,Vegas Golden Knights vs Carolina Hurricanes,NHL,h2h,9.71,ALTA,16.19,Carolina Hurricanes@2.5 (Tipico)
2026-06-06 19:27 UTC,VALUE_BET,hockey,Vegas Golden Knights vs Carolina Hurricanes,NHL,h2h,9.62,ALTA,16.04,Vegas Golden Knights@2.5 (Coolbet)
2026-06-06 19:27 UTC,VALUE_BET,hockey,Vegas Golden Knights vs Carolina Hurricanes,NHL,h2h,9.62,ALTA,16.04,Vegas Golden Knights@2.5 (Unibet (UK))
2026-06-07 11:50 UTC,VALUE_BET,hockey,Vegas Golden Knights vs Carolina Hurricanes,NHL,h2h,13.13,ALTA,21.45,Carolina Hurricanes@2.53 (1xBet)
2026-06-07 11:50 UTC,VALUE_BET,hockey,Vegas Golden Knights vs Carolina Hurricanes,NHL,h2h,11.34,ALTA,19.02,Carolina Hurricanes@2.49 (Marathon Bet)
2026-06-07 11:50 UTC,VALUE_BET,hockey,Vegas Golden Knights vs Carolina Hurricanes,NHL,h2h,10.0,ALTA,16.66,Vegas Golden Knights@2.5 (Tipico)
2026-06-07 11:50 UTC,VALUE_BET,hockey,Vegas Golden Knights vs Carolina Hurricanes,NHL,h2h,10.0,ALTA,16.66,Vegas Golden Knights@2.5 (LeoVegas (SE))
2026-06-07 11:50 UTC,VALUE_BET,hockey,Vegas Golden Knights vs Carolina Hurricanes,NHL,h2h,10.0,ALTA,16.66,Vegas Golden Knights@2.5 (Unibet (SE))
2026-06-07 11:50 UTC,VALUE_BET,hockey,Vegas Golden Knights vs Carolina Hurricanes,NHL,h2h,9.55,ALTA,16.46,Carolina Hurricanes@2.45 (Unibet (UK))
2026-06-07 11:50 UTC,VALUE_BET,hockey,Vegas Golden Knights vs Carolina Hurricanes,NHL,h2h,9.12,ALTA,15.4,Vegas Golden Knights@2.48 (1xBet)
2026-06-07 11:50 UTC,VALUE_BET,hockey,Vegas Golden Knights vs Carolina Hurricanes,NHL,h2h,8.65,ALTA,15.13,Carolina Hurricanes@2.43 (Betclic (FR))
2026-06-07 11:50 UTC,VALUE_BET,hockey,Vegas Golden Knights vs Carolina Hurricanes,NHL,h2h,8.65,ALTA,15.13,Carolina Hurricanes@2.43 (LeoVegas (SE))
2026-06-07 11:50 UTC,VALUE_BET,hockey,Vegas Golden Knights vs Carolina Hurricanes,NHL,h2h,8.65,ALTA,15.13,Carolina Hurricanes@2.43 (Unibet (SE))
2026-06-07 11:50 UTC,VALUE_BET,hockey,Vegas Golden Knights vs Carolina Hurricanes,NHL,h2h,7.8,ALTA,13.44,Vegas Golden Knights@2.45 (Unibet (UK))
2026-06-07 11:50 UTC,VALUE_BET,hockey,Vegas Golden Knights vs Carolina Hurricanes,NHL,h2h,7.8,ALTA,13.44,Vegas Golden Knights@2.45 (Unibet (NL))
2026-06-07 11:50 UTC,VALUE_BET,hockey,Vegas Golden Knights vs Carolina Hurricanes,NHL,h2h,7.8,ALTA,13.44,Vegas Golden Knights@2.45 (Grosvenor)
2026-06-07 11:50 UTC,VALUE_BET,hockey,Vegas Golden Knights vs Carolina Hurricanes,NHL,h2h,7.8,ALTA,13.44,Vegas Golden Knights@2.45 (Casumo)
2026-06-07 11:50 UTC,VALUE_BET,hockey,Vegas Golden Knights vs Carolina Hurricanes,NHL,h2h,7.36,ALTA,12.77,Vegas Golden Knights@2.44 (Marathon Bet)
2026-06-07 19:27 UTC,VALUE_BET,hockey,Vegas Golden Knights vs Carolina Hurricanes,NHL,h2h,14.25,ALTA,22.26,Carolina Hurricanes@2.6 (LeoVegas (SE))
2026-06-07 19:27 UTC,VALUE_BET,hockey,Vegas Golden Knights vs Carolina Hurricanes,NHL,h2h,14.25,ALTA,22.26,Carolina Hurricanes@2.6 (Unibet (SE))
2026-06-07 19:27 UTC,VALUE_BET,hockey,Vegas Golden Knights vs Carolina Hurricanes,NHL,h2h,12.93,ALTA,20.58,Carolina Hurricanes@2.57 (1xBet)
2026-06-07 19:27 UTC,VALUE_BET,hockey,Vegas Golden Knights vs Carolina Hurricanes,NHL,h2h,12.05,ALTA,19.43,Carolina Hurricanes@2.55 (Unibet (NL))
2026-06-07 19:27 UTC,VALUE_BET,hockey,Vegas Golden Knights vs Carolina Hurricanes,NHL,h2h,12.05,ALTA,19.43,Carolina Hurricanes@2.55 (Grosvenor)
2026-06-07 19:27 UTC,VALUE_BET,hockey,Vegas Golden Knights vs Carolina Hurricanes,NHL,h2h,12.05,ALTA,19.43,Carolina Hurricanes@2.55 (Casumo)
2026-06-07 19:27 UTC,VALUE_BET,hockey,Vegas Golden Knights vs Carolina Hurricanes,NHL,h2h,11.17,ALTA,18.25,Carolina Hurricanes@2.53 (Marathon Bet)
2026-06-07 19:27 UTC,VALUE_BET,hockey,Vegas Golden Knights vs Carolina Hurricanes,NHL,h2h,9.85,ALTA,16.42,Carolina Hurricanes@2.5 (Coolbet)
2026-06-07 19:27 UTC,VALUE_BET,hockey,Vegas Golden Knights vs Carolina Hurricanes,NHL,h2h,9.19,ALTA,15.53,Vegas Golden Knights@2.48 (1xBet)
2026-06-07 19:27 UTC,VALUE_BET,hockey,Vegas Golden Knights vs Carolina Hurricanes,NHL,h2h,9.19,ALTA,15.53,Vegas Golden Knights@2.48 (Coolbet)
2026-06-07 19:27 UTC,VALUE_BET,hockey,Vegas Golden Knights vs Carolina Hurricanes,NHL,h2h,9.19,ALTA,15.53,Vegas Golden Knights@2.48 (LeoVegas (SE))
2026-06-07 19:27 UTC,VALUE_BET,hockey,Vegas Golden Knights vs Carolina Hurricanes,NHL,h2h,9.19,ALTA,15.53,Vegas Golden Knights@2.48 (Unibet (SE))
2026-06-07 19:27 UTC,VALUE_BET,hockey,Vegas Golden Knights vs Carolina Hurricanes,NHL,h2h,8.97,ALTA,15.16,Carolina Hurricanes@2.48 (LeoVegas)
2026-06-07 19:27 UTC,VALUE_BET,hockey,Vegas Golden Knights vs Carolina Hurricanes,NHL,h2h,7.87,ALTA,13.57,Vegas Golden Knights@2.45 (Unibet (UK))
2026-06-08 14:12 UTC,VALUE_BET,hockey,Vegas Golden Knights vs Carolina Hurricanes,NHL,h2h,12.16,ALTA,19.87,Carolina Hurricanes@2.53 (1xBet)
2026-06-08 14:12 UTC,VALUE_BET,hockey,Vegas Golden Knights vs Carolina Hurricanes,NHL,h2h,10.83,ALTA,18.05,Carolina Hurricanes@2.5 (Tipico)
2026-06-08 14:12 UTC,VALUE_BET,hockey,Vegas Golden Knights vs Carolina Hurricanes,NHL,h2h,10.83,ALTA,18.05,Carolina Hurricanes@2.5 (Coolbet)
2026-06-08 14:12 UTC,VALUE_BET,hockey,Vegas Golden Knights vs Carolina Hurricanes,NHL,h2h,10.83,ALTA,18.05,Carolina Hurricanes@2.5 (LeoVegas (SE))
2026-06-08 14:12 UTC,VALUE_BET,hockey,Vegas Golden Knights vs Carolina Hurricanes,NHL,h2h,10.83,ALTA,18.05,Carolina Hurricanes@2.5 (Unibet (SE))
2026-06-08 14:12 UTC,VALUE_BET,hockey,Vegas Golden Knights vs Carolina Hurricanes,NHL,h2h,10.7,ALTA,17.6,Vegas Golden Knights@2.52 (1xBet)
2026-06-08 14:12 UTC,VALUE_BET,hockey,Vegas Golden Knights vs Carolina Hurricanes,NHL,h2h,10.38,ALTA,17.42,Carolina Hurricanes@2.49 (Marathon Bet)
2026-06-08 14:12 UTC,VALUE_BET,hockey,Vegas Golden Knights vs Carolina Hurricanes,NHL,h2h,8.94,ALTA,15.11,Vegas Golden Knights@2.48 (Coolbet)
2026-06-08 14:12 UTC,VALUE_BET,hockey,Vegas Golden Knights vs Carolina Hurricanes,NHL,h2h,8.94,ALTA,15.11,Vegas Golden Knights@2.48 (Marathon Bet)
2026-06-08 14:12 UTC,VALUE_BET,hockey,Vegas Golden Knights vs Carolina Hurricanes,NHL,h2h,8.94,ALTA,15.11,Vegas Golden Knights@2.48 (LeoVegas (SE))
2026-06-08 14:12 UTC,VALUE_BET,hockey,Vegas Golden Knights vs Carolina Hurricanes,NHL,h2h,8.94,ALTA,15.11,Vegas Golden Knights@2.48 (Unibet (SE))
2026-06-08 14:12 UTC,VALUE_BET,hockey,Vegas Golden Knights vs Carolina Hurricanes,NHL,h2h,8.61,ALTA,14.85,Carolina Hurricanes@2.45 (Unibet (UK))
2026-06-08 14:12 UTC,VALUE_BET,hockey,Vegas Golden Knights vs Carolina Hurricanes,NHL,h2h,8.61,ALTA,14.85,Carolina Hurricanes@2.45 (Winamax (DE))
2026-06-08 14:12 UTC,VALUE_BET,hockey,Vegas Golden Knights vs Carolina Hurricanes,NHL,h2h,7.72,ALTA,13.5,Carolina Hurricanes@2.43 (Betclic (FR))
2026-06-08 14:12 UTC,VALUE_BET,hockey,Vegas Golden Knights vs Carolina Hurricanes,NHL,h2h,7.72,ALTA,13.5,Carolina Hurricanes@2.43 (Unibet (NL))
2026-06-08 20:22 UTC,VALUE_BET,hockey,Vegas Golden Knights vs Carolina Hurricanes,NHL,h2h,12.48,ALTA,20.01,Carolina Hurricanes@2.56 (1xBet)
2026-06-08 20:22 UTC,VALUE_BET,hockey,Vegas Golden Knights vs Carolina Hurricanes,NHL,h2h,12.05,ALTA,19.43,Carolina Hurricanes@2.55 (LeoVegas (SE))
2026-06-08 20:22 UTC,VALUE_BET,hockey,Vegas Golden Knights vs Carolina Hurricanes,NHL,h2h,12.05,ALTA,19.43,Carolina Hurricanes@2.55 (Unibet (SE))
2026-06-08 20:22 UTC,VALUE_BET,hockey,Vegas Golden Knights vs Carolina Hurricanes,NHL,h2h,11.98,ALTA,19.33,Vegas Golden Knights@2.55 (LeoVegas (SE))
2026-06-08 20:22 UTC,VALUE_BET,hockey,Vegas Golden Knights vs Carolina Hurricanes,NHL,h2h,11.98,ALTA,19.33,Vegas Golden Knights@2.55 (Unibet (SE))
2026-06-08 20:22 UTC,VALUE_BET,hockey,Vegas Golden Knights vs Carolina Hurricanes,NHL,h2h,10.73,ALTA,17.64,Carolina Hurricanes@2.52 (Marathon Bet)
2026-06-08 20:22 UTC,VALUE_BET,hockey,Vegas Golden Knights vs Carolina Hurricanes,NHL,h2h,9.85,ALTA,16.41,Carolina Hurricanes@2.5 (Unibet (UK))
2026-06-08 20:22 UTC,VALUE_BET,hockey,Vegas Golden Knights vs Carolina Hurricanes,NHL,h2h,9.85,ALTA,16.41,Carolina Hurricanes@2.5 (Tipico)
2026-06-08 20:22 UTC,VALUE_BET,hockey,Vegas Golden Knights vs Carolina Hurricanes,NHL,h2h,9.85,ALTA,16.41,Carolina Hurricanes@2.5 (Coolbet)
2026-06-08 20:22 UTC,VALUE_BET,hockey,Vegas Golden Knights vs Carolina Hurricanes,NHL,h2h,9.85,ALTA,16.41,Carolina Hurricanes@2.5 (Winamax (DE))
2026-06-08 20:22 UTC,VALUE_BET,hockey,Vegas Golden Knights vs Carolina Hurricanes,NHL,h2h,9.35,ALTA,15.68,Vegas Golden Knights@2.49 (1xBet)
2026-06-08 20:22 UTC,VALUE_BET,hockey,Vegas Golden Knights vs Carolina Hurricanes,NHL,h2h,8.97,ALTA,15.15,Carolina Hurricanes@2.48 (Unibet (NL))
2026-06-08 20:22 UTC,VALUE_BET,hockey,Vegas Golden Knights vs Carolina Hurricanes,NHL,h2h,8.97,ALTA,15.15,Carolina Hurricanes@2.48 (Grosvenor)
2026-06-08 20:22 UTC,VALUE_BET,hockey,Vegas Golden Knights vs Carolina Hurricanes,NHL,h2h,8.97,ALTA,15.15,Carolina Hurricanes@2.48 (Casumo)
2026-06-08 20:22 UTC,VALUE_BET,hockey,Vegas Golden Knights vs Carolina Hurricanes,NHL,h2h,3.2,ALTA,5.92,Vegas Golden Knights@2.35 (Unibet (FR))
2026-06-09 12:40 UTC,VALUE_BET,hockey,Vegas Golden Knights vs Carolina Hurricanes,NHL,h2h,12.72,ALTA,19.88,Vegas Golden Knights@2.6 (LeoVegas (SE))
2026-06-09 12:40 UTC,VALUE_BET,hockey,Vegas Golden Knights vs Carolina Hurricanes,NHL,h2h,12.72,ALTA,19.88,Vegas Golden Knights@2.6 (Unibet (SE))
2026-06-09 12:40 UTC,VALUE_BET,hockey,Vegas Golden Knights vs Carolina Hurricanes,NHL,h2h,12.46,ALTA,20.35,Carolina Hurricanes@2.53 (1xBet)
2026-06-09 12:40 UTC,VALUE_BET,hockey,Vegas Golden Knights vs Carolina Hurricanes,NHL,h2h,11.12,ALTA,18.54,Carolina Hurricanes@2.5 (Coolbet)
2026-06-09 12:40 UTC,VALUE_BET,hockey,Vegas Golden Knights vs Carolina Hurricanes,NHL,h2h,11.12,ALTA,18.54,Carolina Hurricanes@2.5 (LeoVegas (SE))
2026-06-09 12:40 UTC,VALUE_BET,hockey,Vegas Golden Knights vs Carolina Hurricanes,NHL,h2h,11.12,ALTA,18.54,Carolina Hurricanes@2.5 (Unibet (SE))
2026-06-09 12:40 UTC,VALUE_BET,hockey,Vegas Golden Knights vs Carolina Hurricanes,NHL,h2h,10.99,ALTA,17.61,Vegas Golden Knights@2.56 (1xBet)
2026-06-09 12:40 UTC,VALUE_BET,hockey,Vegas Golden Knights vs Carolina Hurricanes,NHL,h2h,10.56,ALTA,17.03,Vegas Golden Knights@2.55 (Unibet (NL))
2026-06-09 12:40 UTC,VALUE_BET,hockey,Vegas Golden Knights vs Carolina Hurricanes,NHL,h2h,10.56,ALTA,17.03,Vegas Golden Knights@2.55 (Grosvenor)
2026-06-09 12:40 UTC,VALUE_BET,hockey,Vegas Golden Knights vs Carolina Hurricanes,NHL,h2h,10.56,ALTA,17.03,Vegas Golden Knights@2.55 (Casumo)
2026-06-09 12:40 UTC,VALUE_BET,hockey,Vegas Golden Knights vs Carolina Hurricanes,NHL,h2h,9.79,ALTA,16.65,Carolina Hurricanes@2.47 (Marathon Bet)
2026-06-09 12:40 UTC,VALUE_BET,hockey,Vegas Golden Knights vs Carolina Hurricanes,NHL,h2h,8.9,ALTA,15.34,Carolina Hurricanes@2.45 (Unibet (UK))
2026-06-09 12:40 UTC,VALUE_BET,hockey,Vegas Golden Knights vs Carolina Hurricanes,NHL,h2h,8.9,ALTA,15.34,Carolina Hurricanes@2.45 (Tipico)
2026-06-09 12:40 UTC,VALUE_BET,hockey,Vegas Golden Knights vs Carolina Hurricanes,NHL,h2h,8.9,ALTA,15.34,Carolina Hurricanes@2.45 (Winamax (DE))
2026-06-09 20:09 UTC,VALUE_BET,hockey,Vegas Golden Knights vs Carolina Hurricanes,NHL,h2h,13.14,ALTA,20.15,Vegas Golden Knights@2.63 (LeoVegas (SE))
2026-06-09 20:09 UTC,VALUE_BET,hockey,Vegas Golden Knights vs Carolina Hurricanes,NHL,h2h,13.14,ALTA,20.15,Vegas Golden Knights@2.63 (Unibet (SE))
2026-06-09 20:09 UTC,VALUE_BET,hockey,Vegas Golden Knights vs Carolina Hurricanes,NHL,h2h,12.71,ALTA,19.61,Vegas Golden Knights@2.62 (1xBet)
2026-06-09 20:09 UTC,VALUE_BET,hockey,Vegas Golden Knights vs Carolina Hurricanes,NHL,h2h,11.08,ALTA,18.71,Carolina Hurricanes@2.48 (1xBet)
2026-06-09 20:09 UTC,VALUE_BET,hockey,Vegas Golden Knights vs Carolina Hurricanes,NHL,h2h,11.08,ALTA,18.71,Carolina Hurricanes@2.48 (LeoVegas (SE))
2026-06-09 20:09 UTC,VALUE_BET,hockey,Vegas Golden Knights vs Carolina Hurricanes,NHL,h2h,11.08,ALTA,18.71,Carolina Hurricanes@2.48 (Unibet (SE))
2026-06-09 20:09 UTC,VALUE_BET,hockey,Vegas Golden Knights vs Carolina Hurricanes,NHL,h2h,10.56,ALTA,16.81,Vegas Golden Knights@2.57 (Coolbet)
2026-06-09 20:09 UTC,VALUE_BET,hockey,Vegas Golden Knights vs Carolina Hurricanes,NHL,h2h,9.73,ALTA,16.78,Carolina Hurricanes@2.45 (Unibet (UK))
2026-06-09 20:09 UTC,VALUE_BET,hockey,Vegas Golden Knights vs Carolina Hurricanes,NHL,h2h,9.73,ALTA,16.78,Carolina Hurricanes@2.45 (Tipico)
2026-06-09 20:09 UTC,VALUE_BET,hockey,Vegas Golden Knights vs Carolina Hurricanes,NHL,h2h,9.73,ALTA,16.78,Carolina Hurricanes@2.45 (Coolbet)
2026-06-09 20:09 UTC,VALUE_BET,hockey,Vegas Golden Knights vs Carolina Hurricanes,NHL,h2h,9.7,ALTA,15.64,Vegas Golden Knights@2.55 (Unibet (UK))
2026-06-09 20:09 UTC,VALUE_BET,hockey,Vegas Golden Knights vs Carolina Hurricanes,NHL,h2h,9.7,ALTA,15.64,Vegas Golden Knights@2.55 (Marathon Bet)
2026-06-09 20:09 UTC,VALUE_BET,hockey,Vegas Golden Knights vs Carolina Hurricanes,NHL,h2h,9.7,ALTA,15.64,Vegas Golden Knights@2.55 (Unibet (NL))
2026-06-09 20:09 UTC,VALUE_BET,hockey,Vegas Golden Knights vs Carolina Hurricanes,NHL,h2h,9.7,ALTA,15.64,Vegas Golden Knights@2.55 (Grosvenor)
2026-06-09 20:09 UTC,VALUE_BET,hockey,Vegas Golden Knights vs Carolina Hurricanes,NHL,h2h,2.12,MEDIA,4.14,Carolina Hurricanes@2.28 (PMU (FR))
2026-06-10 13:34 UTC,VALUE_BET,hockey,Carolina Hurricanes vs Vegas Golden Knights,NHL,h2h,14.05,ALTA,16.57,Vegas Golden Knights@3.12 (1xBet)
2026-06-10 13:34 UTC,VALUE_BET,hockey,Carolina Hurricanes vs Vegas Golden Knights,NHL,h2h,12.59,ALTA,15.13,Vegas Golden Knights@3.08 (Marathon Bet)
2026-06-10 13:34 UTC,VALUE_BET,hockey,Carolina Hurricanes vs Vegas Golden Knights,NHL,h2h,11.49,ALTA,14.01,Vegas Golden Knights@3.05 (Unibet (SE))
2026-06-10 13:34 UTC,VALUE_BET,hockey,Carolina Hurricanes vs Vegas Golden Knights,NHL,h2h,11.49,ALTA,14.01,Vegas Golden Knights@3.05 (LeoVegas (SE))
2026-06-10 13:34 UTC,VALUE_BET,hockey,Carolina Hurricanes vs Vegas Golden Knights,NHL,h2h,9.66,ALTA,12.08,Vegas Golden Knights@3.0 (Unibet (UK))
2026-06-10 13:34 UTC,VALUE_BET,hockey,Carolina Hurricanes vs Vegas Golden Knights,NHL,h2h,9.66,ALTA,12.08,Vegas Golden Knights@3.0 (Betway)
2026-06-10 13:34 UTC,VALUE_BET,hockey,Carolina Hurricanes vs Vegas Golden Knights,NHL,h2h,9.66,ALTA,12.08,Vegas Golden Knights@3.0 (Tipico)
2026-06-10 13:34 UTC,VALUE_BET,hockey,Carolina Hurricanes vs Vegas Golden Knights,NHL,h2h,9.66,ALTA,12.08,Vegas Golden Knights@3.0 (Winamax (DE))
2026-06-10 13:34 UTC,VALUE_BET,hockey,Carolina Hurricanes vs Vegas Golden Knights,NHL,h2h,9.66,ALTA,12.08,Vegas Golden Knights@3.0 (Casumo)
2026-06-10 13:34 UTC,VALUE_BET,hockey,Carolina Hurricanes vs Vegas Golden Knights,NHL,h2h,9.66,ALTA,12.08,Vegas Golden Knights@3.0 (Grosvenor)
2026-06-10 13:34 UTC,VALUE_BET,hockey,Carolina Hurricanes vs Vegas Golden Knights,NHL,h2h,9.66,ALTA,12.08,Vegas Golden Knights@3.0 (Unibet (NL))
2026-06-10 13:34 UTC,VALUE_BET,hockey,Carolina Hurricanes vs Vegas Golden Knights,NHL,h2h,8.59,ALTA,19.53,Carolina Hurricanes@2.1 (Unibet (SE))
2026-06-10 13:34 UTC,VALUE_BET,hockey,Carolina Hurricanes vs Vegas Golden Knights,NHL,h2h,8.59,ALTA,19.53,Carolina Hurricanes@2.1 (LeoVegas (SE))
2026-06-10 13:34 UTC,VALUE_BET,hockey,Carolina Hurricanes vs Vegas Golden Knights,NHL,h2h,8.08,ALTA,18.52,Carolina Hurricanes@2.09 (1xBet)
2026-06-10 13:34 UTC,VALUE_BET,hockey,Carolina Hurricanes vs Vegas Golden Knights,NHL,h2h,7.84,ALTA,10.04,Vegas Golden Knights@2.95 (Betclic (FR))
2026-06-10 20:34 UTC,VALUE_BET,hockey,Carolina Hurricanes vs Vegas Golden Knights,NHL,h2h,14.5,ALTA,17.27,Vegas Golden Knights@3.1 (1xBet)
2026-06-10 20:34 UTC,VALUE_BET,hockey,Carolina Hurricanes vs Vegas Golden Knights,NHL,h2h,13.03,ALTA,15.81,Vegas Golden Knights@3.06 (Marathon Bet)
2026-06-10 20:34 UTC,VALUE_BET,hockey,Carolina Hurricanes vs Vegas Golden Knights,NHL,h2h,12.66,ALTA,15.44,Vegas Golden Knights@3.05 (Unibet (SE))
2026-06-10 20:34 UTC,VALUE_BET,hockey,Carolina Hurricanes vs Vegas Golden Knights,NHL,h2h,12.66,ALTA,15.44,Vegas Golden Knights@3.05 (LeoVegas (SE))
2026-06-10 20:34 UTC,VALUE_BET,hockey,Carolina Hurricanes vs Vegas Golden Knights,NHL,h2h,10.81,ALTA,13.51,Vegas Golden Knights@3.0 (Tipico)
2026-06-10 20:34 UTC,VALUE_BET,hockey,Carolina Hurricanes vs Vegas Golden Knights,NHL,h2h,10.81,ALTA,13.51,Vegas Golden Knights@3.0 (Casumo)
2026-06-10 20:34 UTC,VALUE_BET,hockey,Carolina Hurricanes vs Vegas Golden Knights,NHL,h2h,10.81,ALTA,13.51,Vegas Golden Knights@3.0 (Grosvenor)
2026-06-10 20:34 UTC,VALUE_BET,hockey,Carolina Hurricanes vs Vegas Golden Knights,NHL,h2h,10.81,ALTA,13.51,Vegas Golden Knights@3.0 (Unibet (NL))
2026-06-10 20:34 UTC,VALUE_BET,hockey,Carolina Hurricanes vs Vegas Golden Knights,NHL,h2h,8.96,ALTA,11.49,Vegas Golden Knights@2.95 (Unibet (UK))
2026-06-10 20:34 UTC,VALUE_BET,hockey,Carolina Hurricanes vs Vegas Golden Knights,NHL,h2h,8.96,ALTA,11.49,Vegas Golden Knights@2.95 (Winamax (DE))
2026-06-10 20:34 UTC,VALUE_BET,hockey,Carolina Hurricanes vs Vegas Golden Knights,NHL,h2h,8.96,ALTA,11.49,Vegas Golden Knights@2.95 (LeoVegas)
2026-06-10 20:34 UTC,VALUE_BET,hockey,Carolina Hurricanes vs Vegas Golden Knights,NHL,h2h,8.49,ALTA,19.3,Carolina Hurricanes@2.1 (Unibet (UK))
2026-06-10 20:34 UTC,VALUE_BET,hockey,Carolina Hurricanes vs Vegas Golden Knights,NHL,h2h,8.49,ALTA,19.3,Carolina Hurricanes@2.1 (Winamax (DE))
2026-06-10 20:34 UTC,VALUE_BET,hockey,Carolina Hurricanes vs Vegas Golden Knights,NHL,h2h,8.49,ALTA,19.3,Carolina Hurricanes@2.1 (Unibet (SE))
2026-06-10 20:34 UTC,VALUE_BET,hockey,Carolina Hurricanes vs Vegas Golden Knights,NHL,h2h,8.49,ALTA,19.3,Carolina Hurricanes@2.1 (LeoVegas (SE))
2026-06-11 14:01 UTC,VALUE_BET,hockey,Carolina Hurricanes vs Vegas Golden Knights,NHL,h2h,12.04,ALTA,26.17,Carolina Hurricanes@2.15 (1xBet)
2026-06-11 14:01 UTC,VALUE_BET,hockey,Carolina Hurricanes vs Vegas Golden Knights,NHL,h2h,10.76,ALTA,13.06,Vegas Golden Knights@3.06 (1xBet)
2026-06-11 14:01 UTC,VALUE_BET,hockey,Carolina Hurricanes vs Vegas Golden Knights,NHL,h2h,10.48,ALTA,23.39,Carolina Hurricanes@2.12 (Unibet (SE))
2026-06-11 14:01 UTC,VALUE_BET,hockey,Carolina Hurricanes vs Vegas Golden Knights,NHL,h2h,10.48,ALTA,23.39,Carolina Hurricanes@2.12 (LeoVegas (SE))
2026-06-11 14:01 UTC,VALUE_BET,hockey,Carolina Hurricanes vs Vegas Golden Knights,NHL,h2h,10.4,ALTA,12.68,Vegas Golden Knights@3.05 (Unibet (UK))
2026-06-11 14:01 UTC,VALUE_BET,hockey,Carolina Hurricanes vs Vegas Golden Knights,NHL,h2h,10.4,ALTA,12.68,Vegas Golden Knights@3.05 (Coolbet)
2026-06-11 14:01 UTC,VALUE_BET,hockey,Carolina Hurricanes vs Vegas Golden Knights,NHL,h2h,10.4,ALTA,12.68,Vegas Golden Knights@3.05 (Unibet (SE))
2026-06-11 14:01 UTC,VALUE_BET,hockey,Carolina Hurricanes vs Vegas Golden Knights,NHL,h2h,10.4,ALTA,12.68,Vegas Golden Knights@3.05 (LeoVegas (SE))
2026-06-11 14:01 UTC,VALUE_BET,hockey,Carolina Hurricanes vs Vegas Golden Knights,NHL,h2h,9.43,ALTA,21.44,Carolina Hurricanes@2.1 (Marathon Bet)
2026-06-11 14:01 UTC,VALUE_BET,hockey,Carolina Hurricanes vs Vegas Golden Knights,NHL,h2h,8.59,ALTA,10.73,Vegas Golden Knights@3.0 (Betclic (FR))
2026-06-11 14:01 UTC,VALUE_BET,hockey,Carolina Hurricanes vs Vegas Golden Knights,NHL,h2h,8.59,ALTA,10.73,Vegas Golden Knights@3.0 (Unibet (FR))
2026-06-11 14:01 UTC,VALUE_BET,hockey,Carolina Hurricanes vs Vegas Golden Knights,NHL,h2h,8.59,ALTA,10.73,Vegas Golden Knights@3.0 (Betway)
2026-06-11 14:01 UTC,VALUE_BET,hockey,Carolina Hurricanes vs Vegas Golden Knights,NHL,h2h,8.59,ALTA,10.73,Vegas Golden Knights@3.0 (Tipico)
2026-06-11 14:01 UTC,VALUE_BET,hockey,Carolina Hurricanes vs Vegas Golden Knights,NHL,h2h,8.59,ALTA,10.73,Vegas Golden Knights@3.0 (Winamax (DE))
2026-06-11 14:01 UTC,VALUE_BET,hockey,Carolina Hurricanes vs Vegas Golden Knights,NHL,h2h,8.59,ALTA,10.73,Vegas Golden Knights@3.0 (Casumo)
2026-06-11 20:29 UTC,VALUE_BET,hockey,Carolina Hurricanes vs Vegas Golden Knights,NHL,h2h,13.66,ALTA,15.89,Vegas Golden Knights@3.15 (Unibet (SE))
2026-06-11 20:29 UTC,VALUE_BET,hockey,Carolina Hurricanes vs Vegas Golden Knights,NHL,h2h,13.66,ALTA,15.89,Vegas Golden Knights@3.15 (LeoVegas (SE))
2026-06-11 20:29 UTC,VALUE_BET,hockey,Carolina Hurricanes vs Vegas Golden Knights,NHL,h2h,12.58,ALTA,14.84,Vegas Golden Knights@3.12 (1xBet)
2026-06-11 20:29 UTC,VALUE_BET,hockey,Carolina Hurricanes vs Vegas Golden Knights,NHL,h2h,11.86,ALTA,14.12,Vegas Golden Knights@3.1 (Casumo)
2026-06-11 20:29 UTC,VALUE_BET,hockey,Carolina Hurricanes vs Vegas Golden Knights,NHL,h2h,11.86,ALTA,14.12,Vegas Golden Knights@3.1 (Grosvenor)
2026-06-11 20:29 UTC,VALUE_BET,hockey,Carolina Hurricanes vs Vegas Golden Knights,NHL,h2h,11.86,ALTA,14.12,Vegas Golden Knights@3.1 (Unibet (NL))
2026-06-11 20:29 UTC,VALUE_BET,hockey,Carolina Hurricanes vs Vegas Golden Knights,NHL,h2h,10.42,ALTA,23.27,Carolina Hurricanes@2.12 (1xBet)
2026-06-11 20:29 UTC,VALUE_BET,hockey,Carolina Hurricanes vs Vegas Golden Knights,NHL,h2h,10.05,ALTA,12.26,Vegas Golden Knights@3.05 (Unibet (UK))
2026-06-11 20:29 UTC,VALUE_BET,hockey,Carolina Hurricanes vs Vegas Golden Knights,NHL,h2h,10.05,ALTA,12.26,Vegas Golden Knights@3.05 (Coolbet)
2026-06-11 20:29 UTC,VALUE_BET,hockey,Carolina Hurricanes vs Vegas Golden Knights,NHL,h2h,9.69,ALTA,11.88,Vegas Golden Knights@3.04 (Marathon Bet)
2026-06-11 20:29 UTC,VALUE_BET,hockey,Carolina Hurricanes vs Vegas Golden Knights,NHL,h2h,8.34,ALTA,19.3,Carolina Hurricanes@2.08 (Unibet (UK))
2026-06-11 20:29 UTC,VALUE_BET,hockey,Carolina Hurricanes vs Vegas Golden Knights,NHL,h2h,8.34,ALTA,19.3,Carolina Hurricanes@2.08 (Coolbet)
2026-06-11 20:29 UTC,VALUE_BET,hockey,Carolina Hurricanes vs Vegas Golden Knights,NHL,h2h,8.34,ALTA,19.3,Carolina Hurricanes@2.08 (Unibet (SE))
2026-06-11 20:29 UTC,VALUE_BET,hockey,Carolina Hurricanes vs Vegas Golden Knights,NHL,h2h,8.34,ALTA,19.3,Carolina Hurricanes@2.08 (LeoVegas (SE))
2026-06-11 20:29 UTC,VALUE_BET,hockey,Carolina Hurricanes vs Vegas Golden Knights,NHL,h2h,8.25,ALTA,10.31,Vegas Golden Knights@3.0 (Unibet (FR))
2026-06-12 12:54 UTC,VALUE_BET,hockey,Vegas Golden Knights vs Carolina Hurricanes,NHL,h2h,12.02,ALTA,18.32,Vegas Golden Knights@2.64 (1xBet)
2026-06-12 12:54 UTC,VALUE_BET,hockey,Vegas Golden Knights vs Carolina Hurricanes,NHL,h2h,11.36,ALTA,19.2,Carolina Hurricanes@2.48 (Unibet (SE))
2026-06-12 12:54 UTC,VALUE_BET,hockey,Vegas Golden Knights vs Carolina Hurricanes,NHL,h2h,11.36,ALTA,19.2,Carolina Hurricanes@2.48 (LeoVegas (SE))
2026-06-12 12:54 UTC,VALUE_BET,hockey,Vegas Golden Knights vs Carolina Hurricanes,NHL,h2h,10.32,ALTA,16.12,Vegas Golden Knights@2.6 (Unibet (SE))
2026-06-12 12:54 UTC,VALUE_BET,hockey,Vegas Golden Knights vs Carolina Hurricanes,NHL,h2h,10.32,ALTA,16.12,Vegas Golden Knights@2.6 (LeoVegas (SE))
2026-06-12 12:54 UTC,VALUE_BET,hockey,Vegas Golden Knights vs Carolina Hurricanes,NHL,h2h,10.32,ALTA,16.12,Vegas Golden Knights@2.6 (Marathon Bet)
2026-06-12 12:54 UTC,VALUE_BET,hockey,Vegas Golden Knights vs Carolina Hurricanes,NHL,h2h,10.32,ALTA,16.12,Vegas Golden Knights@2.6 (Tipico)
2026-06-12 12:54 UTC,VALUE_BET,hockey,Vegas Golden Knights vs Carolina Hurricanes,NHL,h2h,9.12,ALTA,15.94,Carolina Hurricanes@2.43 (Grosvenor)
2026-06-12 12:54 UTC,VALUE_BET,hockey,Vegas Golden Knights vs Carolina Hurricanes,NHL,h2h,9.12,ALTA,15.94,Carolina Hurricanes@2.43 (Unibet (NL))
2026-06-12 12:54 UTC,VALUE_BET,hockey,Vegas Golden Knights vs Carolina Hurricanes,NHL,h2h,9.12,ALTA,15.94,Carolina Hurricanes@2.43 (Casumo)
2026-06-12 12:54 UTC,VALUE_BET,hockey,Vegas Golden Knights vs Carolina Hurricanes,NHL,h2h,8.22,ALTA,14.58,Carolina Hurricanes@2.41 (1xBet)
2026-06-12 12:54 UTC,VALUE_BET,hockey,Vegas Golden Knights vs Carolina Hurricanes,NHL,h2h,8.2,ALTA,13.22,Vegas Golden Knights@2.55 (Grosvenor)
2026-06-12 12:54 UTC,VALUE_BET,hockey,Vegas Golden Knights vs Carolina Hurricanes,NHL,h2h,8.2,ALTA,13.22,Vegas Golden Knights@2.55 (Unibet (NL))
2026-06-12 12:54 UTC,VALUE_BET,hockey,Vegas Golden Knights vs Carolina Hurricanes,NHL,h2h,8.2,ALTA,13.22,Vegas Golden Knights@2.55 (Casumo)
2026-06-12 12:54 UTC,VALUE_BET,hockey,Vegas Golden Knights vs Carolina Hurricanes,NHL,h2h,8.2,ALTA,13.22,Vegas Golden Knights@2.55 (Unibet (UK))
2026-06-12 20:14 UTC,VALUE_BET,hockey,Vegas Golden Knights vs Carolina Hurricanes,NHL,h2h,12.91,ALTA,19.56,Vegas Golden Knights@2.65 (Unibet (SE))
2026-06-12 20:14 UTC,VALUE_BET,hockey,Vegas Golden Knights vs Carolina Hurricanes,NHL,h2h,12.91,ALTA,19.56,Vegas Golden Knights@2.65 (LeoVegas (SE))
2026-06-12 20:14 UTC,VALUE_BET,hockey,Vegas Golden Knights vs Carolina Hurricanes,NHL,h2h,12.06,ALTA,18.5,Vegas Golden Knights@2.63 (1xBet)
2026-06-12 20:14 UTC,VALUE_BET,hockey,Vegas Golden Knights vs Carolina Hurricanes,NHL,h2h,10.9,ALTA,18.79,Carolina Hurricanes@2.45 (Tipico)
2026-06-12 20:14 UTC,VALUE_BET,hockey,Vegas Golden Knights vs Carolina Hurricanes,NHL,h2h,10.78,ALTA,16.85,Vegas Golden Knights@2.6 (Grosvenor)
2026-06-12 20:14 UTC,VALUE_BET,hockey,Vegas Golden Knights vs Carolina Hurricanes,NHL,h2h,10.78,ALTA,16.85,Vegas Golden Knights@2.6 (Unibet (NL))
2026-06-12 20:14 UTC,VALUE_BET,hockey,Vegas Golden Knights vs Carolina Hurricanes,NHL,h2h,10.78,ALTA,16.85,Vegas Golden Knights@2.6 (Casumo)
2026-06-12 20:14 UTC,VALUE_BET,hockey,Vegas Golden Knights vs Carolina Hurricanes,NHL,h2h,10.36,ALTA,16.28,Vegas Golden Knights@2.59 (Marathon Bet)
2026-06-12 20:14 UTC,VALUE_BET,hockey,Vegas Golden Knights vs Carolina Hurricanes,NHL,h2h,9.54,ALTA,16.8,Carolina Hurricanes@2.42 (1xBet)
2026-06-12 20:14 UTC,VALUE_BET,hockey,Vegas Golden Knights vs Carolina Hurricanes,NHL,h2h,9.54,ALTA,16.8,Carolina Hurricanes@2.42 (Coolbet)
2026-06-12 20:14 UTC,VALUE_BET,hockey,Vegas Golden Knights vs Carolina Hurricanes,NHL,h2h,9.5,ALTA,15.13,Vegas Golden Knights@2.57 (Coolbet)
2026-06-12 20:14 UTC,VALUE_BET,hockey,Vegas Golden Knights vs Carolina Hurricanes,NHL,h2h,8.65,ALTA,13.95,Vegas Golden Knights@2.55 (LeoVegas)
2026-06-12 20:14 UTC,VALUE_BET,hockey,Vegas Golden Knights vs Carolina Hurricanes,NHL,h2h,8.64,ALTA,15.42,Carolina Hurricanes@2.4 (Unibet (SE))
2026-06-12 20:14 UTC,VALUE_BET,hockey,Vegas Golden Knights vs Carolina Hurricanes,NHL,h2h,8.64,ALTA,15.42,Carolina Hurricanes@2.4 (LeoVegas (SE))
2026-06-12 20:14 UTC,VALUE_BET,hockey,Vegas Golden Knights vs Carolina Hurricanes,NHL,h2h,6.52,ALTA,10.87,Vegas Golden Knights@2.5 (Betway)
2026-06-13 11:55 UTC,VALUE_BET,hockey,Vegas Golden Knights vs Carolina Hurricanes,NHL,h2h,13.35,ALTA,20.35,Vegas Golden Knights@2.64 (1xBet)
2026-06-13 11:55 UTC,VALUE_BET,hockey,Vegas Golden Knights vs Carolina Hurricanes,NHL,h2h,11.63,ALTA,18.17,Vegas Golden Knights@2.6 (Marathon Bet)
2026-06-13 11:55 UTC,VALUE_BET,hockey,Vegas Golden Knights vs Carolina Hurricanes,NHL,h2h,11.6,ALTA,19.59,Carolina Hurricanes@2.48 (Unibet (SE))
2026-06-13 11:55 UTC,VALUE_BET,hockey,Vegas Golden Knights vs Carolina Hurricanes,NHL,h2h,11.6,ALTA,19.59,Carolina Hurricanes@2.48 (LeoVegas (SE))
2026-06-13 11:55 UTC,VALUE_BET,hockey,Vegas Golden Knights vs Carolina Hurricanes,NHL,h2h,10.34,ALTA,16.47,Vegas Golden Knights@2.57 (Coolbet)
2026-06-13 11:55 UTC,VALUE_BET,hockey,Vegas Golden Knights vs Carolina Hurricanes,NHL,h2h,9.48,ALTA,15.29,Vegas Golden Knights@2.55 (Unibet (SE))
2026-06-13 11:55 UTC,VALUE_BET,hockey,Vegas Golden Knights vs Carolina Hurricanes,NHL,h2h,9.48,ALTA,15.29,Vegas Golden Knights@2.55 (LeoVegas (SE))
2026-06-13 11:55 UTC,VALUE_BET,hockey,Vegas Golden Knights vs Carolina Hurricanes,NHL,h2h,9.35,ALTA,16.34,Carolina Hurricanes@2.43 (Grosvenor)
2026-06-13 11:55 UTC,VALUE_BET,hockey,Vegas Golden Knights vs Carolina Hurricanes,NHL,h2h,9.35,ALTA,16.34,Carolina Hurricanes@2.43 (Unibet (NL))
2026-06-13 11:55 UTC,VALUE_BET,hockey,Vegas Golden Knights vs Carolina Hurricanes,NHL,h2h,9.35,ALTA,16.34,Carolina Hurricanes@2.43 (Casumo)
2026-06-13 11:55 UTC,VALUE_BET,hockey,Vegas Golden Knights vs Carolina Hurricanes,NHL,h2h,8.9,ALTA,15.66,Carolina Hurricanes@2.42 (Coolbet)
2026-06-13 11:55 UTC,VALUE_BET,hockey,Vegas Golden Knights vs Carolina Hurricanes,NHL,h2h,8.45,ALTA,14.98,Carolina Hurricanes@2.41 (1xBet)
2026-06-13 11:55 UTC,VALUE_BET,hockey,Vegas Golden Knights vs Carolina Hurricanes,NHL,h2h,8.19,ALTA,13.48,Vegas Golden Knights@2.52 (Betclic (FR))
2026-06-13 11:55 UTC,VALUE_BET,hockey,Vegas Golden Knights vs Carolina Hurricanes,NHL,h2h,8.0,ALTA,14.28,Carolina Hurricanes@2.4 (Unibet (UK))
2026-06-13 11:55 UTC,VALUE_BET,hockey,Vegas Golden Knights vs Carolina Hurricanes,NHL,h2h,8.0,ALTA,14.28,Carolina Hurricanes@2.4 (Winamax (DE))
2026-06-13 19:40 UTC,VALUE_BET,hockey,Vegas Golden Knights vs Carolina Hurricanes,NHL,h2h,18.23,ALTA,25.32,Vegas Golden Knights@2.8 (Unibet (SE))
2026-06-13 19:40 UTC,VALUE_BET,hockey,Vegas Golden Knights vs Carolina Hurricanes,NHL,h2h,18.23,ALTA,25.32,Vegas Golden Knights@2.8 (LeoVegas (SE))
2026-06-13 19:40 UTC,VALUE_BET,hockey,Vegas Golden Knights vs Carolina Hurricanes,NHL,h2h,16.12,ALTA,23.02,Vegas Golden Knights@2.75 (Grosvenor)
2026-06-13 19:40 UTC,VALUE_BET,hockey,Vegas Golden Knights vs Carolina Hurricanes,NHL,h2h,16.12,ALTA,23.02,Vegas Golden Knights@2.75 (Unibet (NL))
2026-06-13 19:40 UTC,VALUE_BET,hockey,Vegas Golden Knights vs Carolina Hurricanes,NHL,h2h,16.12,ALTA,23.02,Vegas Golden Knights@2.75 (Casumo)
2026-06-13 19:40 UTC,VALUE_BET,hockey,Vegas Golden Knights vs Carolina Hurricanes,NHL,h2h,14.01,ALTA,20.6,Vegas Golden Knights@2.7 (LeoVegas)
2026-06-13 19:40 UTC,VALUE_BET,hockey,Vegas Golden Knights vs Carolina Hurricanes,NHL,h2h,11.47,ALTA,17.49,Vegas Golden Knights@2.64 (1xBet)
2026-06-13 19:40 UTC,VALUE_BET,hockey,Vegas Golden Knights vs Carolina Hurricanes,NHL,h2h,10.47,ALTA,18.57,Carolina Hurricanes@2.41 (1xBet)
2026-06-13 19:40 UTC,VALUE_BET,hockey,Vegas Golden Knights vs Carolina Hurricanes,NHL,h2h,10.01,ALTA,17.88,Carolina Hurricanes@2.4 (Unibet (UK))
2026-06-13 19:40 UTC,VALUE_BET,hockey,Vegas Golden Knights vs Carolina Hurricanes,NHL,h2h,10.01,ALTA,17.88,Carolina Hurricanes@2.4 (Winamax (DE))
2026-06-13 19:40 UTC,VALUE_BET,hockey,Vegas Golden Knights vs Carolina Hurricanes,NHL,h2h,9.78,ALTA,15.29,Vegas Golden Knights@2.6 (Coolbet)
2026-06-13 19:40 UTC,VALUE_BET,hockey,Vegas Golden Knights vs Carolina Hurricanes,NHL,h2h,9.78,ALTA,15.29,Vegas Golden Knights@2.6 (Marathon Bet)
2026-06-13 19:40 UTC,VALUE_BET,hockey,Vegas Golden Knights vs Carolina Hurricanes,NHL,h2h,3.45,ALTA,5.95,Vegas Golden Knights@2.45 (Unibet (FR))
2026-06-14 11:59 UTC,VALUE_BET,hockey,Vegas Golden Knights vs Carolina Hurricanes,NHL,h2h,12.81,ALTA,21.35,Carolina Hurricanes@2.5 (Unibet (SE))
2026-06-14 11:59 UTC,VALUE_BET,hockey,Vegas Golden Knights vs Carolina Hurricanes,NHL,h2h,12.81,ALTA,21.35,Carolina Hurricanes@2.5 (LeoVegas (SE))
2026-06-14 11:59 UTC,VALUE_BET,hockey,Vegas Golden Knights vs Carolina Hurricanes,NHL,h2h,12.69,ALTA,19.34,Vegas Golden Knights@2.64 (1xBet)
2026-06-14 11:59 UTC,VALUE_BET,hockey,Vegas Golden Knights vs Carolina Hurricanes,NHL,h2h,10.98,ALTA,17.16,Vegas Golden Knights@2.6 (Unibet (SE))
2026-06-14 11:59 UTC,VALUE_BET,hockey,Vegas Golden Knights vs Carolina Hurricanes,NHL,h2h,10.98,ALTA,17.16,Vegas Golden Knights@2.6 (LeoVegas (SE))
2026-06-14 11:59 UTC,VALUE_BET,hockey,Vegas Golden Knights vs Carolina Hurricanes,NHL,h2h,10.98,ALTA,17.16,Vegas Golden Knights@2.6 (Marathon Bet)
2026-06-14 11:59 UTC,VALUE_BET,hockey,Vegas Golden Knights vs Carolina Hurricanes,NHL,h2h,10.55,ALTA,18.19,Carolina Hurricanes@2.45 (Grosvenor)
2026-06-14 11:59 UTC,VALUE_BET,hockey,Vegas Golden Knights vs Carolina Hurricanes,NHL,h2h,10.55,ALTA,18.19,Carolina Hurricanes@2.45 (Unibet (NL))
2026-06-14 11:59 UTC,VALUE_BET,hockey,Vegas Golden Knights vs Carolina Hurricanes,NHL,h2h,10.55,ALTA,18.19,Carolina Hurricanes@2.45 (Casumo)
2026-06-14 11:59 UTC,VALUE_BET,hockey,Vegas Golden Knights vs Carolina Hurricanes,NHL,h2h,10.55,ALTA,18.19,Carolina Hurricanes@2.45 (Unibet (UK))
2026-06-14 11:59 UTC,VALUE_BET,hockey,Vegas Golden Knights vs Carolina Hurricanes,NHL,h2h,9.7,ALTA,15.45,Vegas Golden Knights@2.57 (Coolbet)
2026-06-14 11:59 UTC,VALUE_BET,hockey,Vegas Golden Knights vs Carolina Hurricanes,NHL,h2h,9.2,ALTA,16.19,Carolina Hurricanes@2.42 (Coolbet)
2026-06-14 11:59 UTC,VALUE_BET,hockey,Vegas Golden Knights vs Carolina Hurricanes,NHL,h2h,8.85,ALTA,14.27,Vegas Golden Knights@2.55 (Grosvenor)
2026-06-14 11:59 UTC,VALUE_BET,hockey,Vegas Golden Knights vs Carolina Hurricanes,NHL,h2h,8.85,ALTA,14.27,Vegas Golden Knights@2.55 (Unibet (NL))
2026-06-14 19:40 UTC,VALUE_BET,hockey,Vegas Golden Knights vs Carolina Hurricanes,NHL,h2h,14.45,ALTA,21.25,Vegas Golden Knights@2.7 (Unibet (SE))
2026-06-14 19:40 UTC,VALUE_BET,hockey,Vegas Golden Knights vs Carolina Hurricanes,NHL,h2h,14.45,ALTA,21.25,Vegas Golden Knights@2.7 (LeoVegas (SE))
2026-06-14 19:40 UTC,VALUE_BET,hockey,Vegas Golden Knights vs Carolina Hurricanes,NHL,h2h,12.05,ALTA,20.35,Carolina Hurricanes@2.48 (Unibet (SE))
2026-06-14 19:40 UTC,VALUE_BET,hockey,Vegas Golden Knights vs Carolina Hurricanes,NHL,h2h,12.05,ALTA,20.35,Carolina Hurricanes@2.48 (LeoVegas (SE))
2026-06-14 19:40 UTC,VALUE_BET,hockey,Vegas Golden Knights vs Carolina Hurricanes,NHL,h2h,11.48,ALTA,17.61,Vegas Golden Knights@2.63 (Grosvenor)
2026-06-14 19:40 UTC,VALUE_BET,hockey,Vegas Golden Knights vs Carolina Hurricanes,NHL,h2h,11.48,ALTA,17.61,Vegas Golden Knights@2.63 (Unibet (NL))
2026-06-14 19:40 UTC,VALUE_BET,hockey,Vegas Golden Knights vs Carolina Hurricanes,NHL,h2h,11.48,ALTA,17.61,Vegas Golden Knights@2.63 (Casumo)
2026-06-14 19:40 UTC,VALUE_BET,hockey,Vegas Golden Knights vs Carolina Hurricanes,NHL,h2h,11.48,ALTA,17.61,Vegas Golden Knights@2.63 (1xBet)
2026-06-14 19:40 UTC,VALUE_BET,hockey,Vegas Golden Knights vs Carolina Hurricanes,NHL,h2h,9.79,ALTA,17.11,Carolina Hurricanes@2.43 (Grosvenor)
2026-06-14 19:40 UTC,VALUE_BET,hockey,Vegas Golden Knights vs Carolina Hurricanes,NHL,h2h,9.79,ALTA,17.11,Carolina Hurricanes@2.43 (Unibet (NL))
2026-06-14 19:40 UTC,VALUE_BET,hockey,Vegas Golden Knights vs Carolina Hurricanes,NHL,h2h,9.79,ALTA,17.11,Carolina Hurricanes@2.43 (Casumo)
2026-06-14 19:40 UTC,VALUE_BET,hockey,Vegas Golden Knights vs Carolina Hurricanes,NHL,h2h,9.34,ALTA,16.44,Carolina Hurricanes@2.42 (1xBet)
2026-06-14 19:40 UTC,VALUE_BET,hockey,Vegas Golden Knights vs Carolina Hurricanes,NHL,h2h,9.34,ALTA,16.44,Carolina Hurricanes@2.42 (Coolbet)
2026-06-14 19:40 UTC,VALUE_BET,hockey,Vegas Golden Knights vs Carolina Hurricanes,NHL,h2h,7.24,ALTA,11.84,Vegas Golden Knights@2.53 (Betclic (FR))
2026-06-19 13:36 UTC,VALUE_BET,soccer,Udinese vs Como,Serie A - Italy,h2h,61.96,ALTA,38.72,Udinese@5.0 (Betfred (UK))
2026-06-19 13:36 UTC,VALUE_BET,soccer,Genoa vs Napoli,Serie A - Italy,h2h,56.95,ALTA,35.6,Genoa@5.0 (Paddy Power)
2026-06-19 13:36 UTC,VALUE_BET,soccer,Genoa vs Napoli,Serie A - Italy,h2h,56.95,ALTA,35.6,Genoa@5.0 (Sky Bet)
2026-06-19 13:36 UTC,VALUE_BET,soccer,Genoa vs Napoli,Serie A - Italy,h2h,56.95,ALTA,35.6,Genoa@5.0 (Bet Victor)
2026-06-19 13:36 UTC,VALUE_BET,soccer,Udinese vs Como,Serie A - Italy,h2h,53.86,ALTA,35.91,Udinese@4.75 (Paddy Power)
2026-06-19 13:36 UTC,VALUE_BET,soccer,Udinese vs Como,Serie A - Italy,h2h,53.86,ALTA,35.91,Udinese@4.75 (Sky Bet)
2026-06-19 13:36 UTC,VALUE_BET,soccer,Genoa vs Napoli,Serie A - Italy,h2h,41.26,ALTA,29.47,Genoa@4.5 (Betfair Sportsbook)
2026-06-19 13:36 UTC,VALUE_BET,soccer,Hull City vs Manchester United,EPL,h2h,12.21,ALTA,7.82,Draw@4.9 (Codere (IT))
2026-06-19 13:36 UTC,VALUE_BET,soccer,Hull City vs Manchester United,EPL,h2h,11.75,ALTA,7.57,Draw@4.88 (1xBet)
2026-06-19 13:36 UTC,VALUE_BET,soccer,Newcastle United vs Liverpool,EPL,h2h,10.12,ALTA,8.35,Draw@4.03 (1xBet)
2026-06-19 13:36 UTC,VALUE_BET,soccer,Hull City vs Manchester United,EPL,h2h,9.92,ALTA,6.52,Draw@4.8 (Marathon Bet)
2026-06-19 13:36 UTC,VALUE_BET,soccer,Hull City vs Manchester United,EPL,h2h,9.92,ALTA,6.52,Draw@4.8 (Coral)
2026-06-19 13:36 UTC,VALUE_BET,soccer,Hull City vs Manchester United,EPL,h2h,9.92,ALTA,6.52,Draw@4.8 (Ladbrokes)
2026-06-19 13:36 UTC,VALUE_BET,soccer,Hull City vs Manchester United,EPL,h2h,9.92,ALTA,6.52,Draw@4.8 (Winamax (DE))
2026-06-19 13:36 UTC,VALUE_BET,soccer,Newcastle United vs Liverpool,EPL,h2h,9.3,ALTA,7.75,Draw@4.0 (Betfred (UK))
2026-07-01 12:35 UTC,ARBITRAGE,tennis,Dayana Yastremska vs Jessica Bouzas Maneiro,WTA Wimbledon,h2h,7.709,SURE,77.09,"{""Jessica Bouzas Maneiro"": {""bookmaker"": ""Coral"", ""odds"": 2.25, ""stake_pct"": 48.16, ""stake_amount"": 481.57}, ""Dayana Yastremska"": {""bookmaker"": ""Pinnacle"", ""odds"": 2.09, ""stake_pct"": 51.84, ""stake_amount"": 518.43}}"
2026-07-01 12:35 UTC,ARBITRAGE,tennis,Janice Tjen vs Daria Kasatkina,WTA Wimbledon,h2h,7.123,SURE,71.23,"{""Janice Tjen"": {""bookmaker"": ""Matchbook"", ""odds"": 13.5, ""stake_pct"": 7.98, ""stake_amount"": 79.75}, ""Daria Kasatkina"": {""bookmaker"": ""Bet Victor"", ""odds"": 1.17, ""stake_pct"": 92.02, ""stake_amount"": 920.25}}"
2026-07-01 12:35 UTC,ARBITRAGE,tennis,Mariano Navone vs Flavio Cobolli,ATP Wimbledon,h2h,6.142,SURE,61.42,"{""Mariano Navone"": {""bookmaker"": ""Smarkets"", ""odds"": 3.15, ""stake_pct"": 33.82, ""stake_amount"": 338.24}, ""Flavio Cobolli"": {""bookmaker"": ""Ladbrokes"", ""odds"": 1.61, ""stake_pct"": 66.18, ""stake_amount"": 661.76}}"
2026-07-01 12:35 UTC,ARBITRAGE,tennis,Nicolas Mejia vs Michael Zheng,ATP Wimbledon,h2h,5.673,SURE,56.73,"{""Michael Zheng"": {""bookmaker"": ""Bet Victor"", ""odds"": 1.83, ""stake_pct"": 57.93, ""stake_amount"": 579.31}, ""Nicolas Mejia"": {""bookmaker"": ""Betfair"", ""odds"": 2.52, ""stake_pct"": 42.07, ""stake_amount"": 420.69}}"
2026-07-01 12:35 UTC,ARBITRAGE,tennis,Daria Snigur vs Leolia Jeanjean,WTA Wimbledon,h2h,4.592,SURE,45.92,"{""Leolia Jeanjean"": {""bookmaker"": ""1xBet"", ""odds"": 5.59, ""stake_pct"": 18.75, ""stake_amount"": 187.5}, ""Daria Snigur"": {""bookmaker"": ""BoyleSports"", ""odds"": 1.29, ""stake_pct"": 81.25, ""stake_amount"": 812.5}}"
2026-07-01 12:35 UTC,ARBITRAGE,tennis,Aryna Sabalenka vs McCartney Kessler,WTA Wimbledon,h2h,3.535,SURE,35.35,"{""Aryna Sabalenka"": {""bookmaker"": ""William Hill"", ""odds"": 1.1, ""stake_pct"": 94.24, ""stake_amount"": 942.41}, ""McCartney Kessler"": {""bookmaker"": ""Unibet (NL)"", ""odds"": 18.0, ""stake_pct"": 5.76, ""stake_amount"": 57.59}}"
2026-07-01 12:35 UTC,ARBITRAGE,tennis,Zeynep Sonmez vs Claire Liu,WTA Wimbledon,h2h,2.682,SURE,26.82,"{""Claire Liu"": {""bookmaker"": ""Matchbook"", ""odds"": 1.16, ""stake_pct"": 88.58, ""stake_amount"": 885.83}, ""Zeynep Sonmez"": {""bookmaker"": ""Betway"", ""odds"": 9.0, ""stake_pct"": 11.42, ""stake_amount"": 114.17}}"
2026-07-01 12:35 UTC,ARBITRAGE,tennis,Marton Fucsovics vs Learner Tien,ATP Wimbledon,h2h,2.278,SURE,22.78,"{""Marton Fucsovics"": {""bookmaker"": ""Coral"", ""odds"": 4.33, ""stake_pct"": 23.63, ""stake_amount"": 236.33}, ""Learner Tien"": {""bookmaker"": ""Matchbook"", ""odds"": 1.34, ""stake_pct"": 76.37, ""stake_amount"": 763.67}}"
2026-07-01 12:35 UTC,ARBITRAGE,tennis,Alejandro Davidovich Fokina vs Fabian Marozsan,ATP Wimbledon,h2h,2.218,SURE,22.18,"{""Fabian Marozsan"": {""bookmaker"": ""BoyleSports"", ""odds"": 13.0, ""stake_pct"": 7.87, ""stake_amount"": 78.67}, ""Alejandro Davidovich Fokina"": {""bookmaker"": ""Coral"", ""odds"": 1.11, ""stake_pct"": 92.13, ""stake_amount"": 921.33}}"
2026-07-01 12:35 UTC,ARBITRAGE,tennis,Arthur Rinderknech vs Martin Damm Jr.,ATP Wimbledon,h2h,1.577,SURE,15.77,"{""Martin Damm Jr."": {""bookmaker"": ""GTbets"", ""odds"": 2.3, ""stake_pct"": 44.17, ""stake_amount"": 441.75}, ""Arthur Rinderknech"": {""bookmaker"": ""Betfair"", ""odds"": 1.82, ""stake_pct"": 55.83, ""stake_amount"": 558.25}}"
2026-07-01 12:35 UTC,ARBITRAGE,tennis,Roman Safiullin vs Botic van de Zandschulp,ATP Wimbledon,h2h,1.057,SURE,10.57,"{""Botic van de Zandschulp"": {""bookmaker"": ""Matchbook"", ""odds"": 2.56, ""stake_pct"": 39.48, ""stake_amount"": 394.8}, ""Roman Safiullin"": {""bookmaker"": ""GTbets"", ""odds"": 1.67, ""stake_pct"": 60.52, ""stake_amount"": 605.2}}"
2026-07-01 12:35 UTC,ARBITRAGE,tennis,Jessica Pegula vs Sara Sorribes Tormo,WTA Wimbledon,h2h,0.899,SURE,8.99,"{""Jessica Pegula"": {""bookmaker"": ""GTbets"", ""odds"": 1.09, ""stake_pct"": 92.57, ""stake_amount"": 925.75}, ""Sara Sorribes Tormo"": {""bookmaker"": ""Pinnacle"", ""odds"": 13.59, ""stake_pct"": 7.43, ""stake_amount"": 74.25}}"
2026-07-01 12:35 UTC,ARBITRAGE,tennis,Rafael Jodar vs Pablo Carreno Busta,ATP Wimbledon,h2h,0.855,SURE,8.55,"{""Pablo Carreno Busta"": {""bookmaker"": ""Smarkets"", ""odds"": 4.5, ""stake_pct"": 22.41, ""stake_amount"": 224.14}, ""Rafael Jodar"": {""bookmaker"": ""GTbets"", ""odds"": 1.3, ""stake_pct"": 77.59, ""stake_amount"": 775.86}}"
2026-07-01 12:35 UTC,ARBITRAGE,tennis,Jacob Fearnley vs Jaume Munar,ATP Wimbledon,h2h,0.828,SURE,8.28,"{""Jacob Fearnley"": {""bookmaker"": ""1xBet"", ""odds"": 2.5, ""stake_pct"": 40.33, ""stake_amount"": 403.34}, ""Jaume Munar"": {""bookmaker"": ""Betfair"", ""odds"": 1.69, ""stake_pct"": 59.67, ""stake_amount"": 596.66}}"
2026-07-01 12:35 UTC,ARBITRAGE,tennis,Alex de Minaur vs Adrian Mannarino,ATP Wimbledon,h2h,0.635,SURE,6.35,"{""Alex de Minaur"": {""bookmaker"": ""GTbets"", ""odds"": 1.26, ""stake_pct"": 79.87, ""stake_amount"": 798.72}, ""Adrian Mannarino"": {""bookmaker"": ""Matchbook"", ""odds"": 5.0, ""stake_pct"": 20.13, ""stake_amount"": 201.28}}"
2026-07-01 12:35 UTC,ARBITRAGE,tennis,Karolina Muchova vs Shuai Zhang,WTA Wimbledon,spreads,0.567,SURE,5.67,"{""Shuai Zhang (5.5)"": {""bookmaker"": ""Unibet (NL)"", ""odds"": 2.1, ""stake_pct"": 47.89, ""stake_amount"": 478.91}, ""Karolina Muchova (-5.5)"": {""bookmaker"": ""BetOnline.ag"", ""odds"": 1.93, ""stake_pct"": 52.11, ""stake_amount"": 521.09}}"
2026-07-01 12:35 UTC,ARBITRAGE,tennis,Taylor Fritz vs Patrick Kypson,ATP Wimbledon,h2h,0.565,SURE,5.65,"{""Patrick Kypson"": {""bookmaker"": ""888sport"", ""odds"": 13.0, ""stake_pct"": 7.74, ""stake_amount"": 77.36}, ""Taylor Fritz"": {""bookmaker"": ""GTbets"", ""odds"": 1.09, ""stake_pct"": 92.26, ""stake_amount"": 922.64}}"
2026-07-01 12:35 UTC,ARBITRAGE,tennis,Kyrian Jacquet vs Alexander Bublik,ATP Wimbledon,h2h,0.373,SURE,3.73,"{""Kyrian Jacquet"": {""bookmaker"": ""Matchbook"", ""odds"": 4.0, ""stake_pct"": 25.09, ""stake_amount"": 250.94}, ""Alexander Bublik"": {""bookmaker"": ""1xBet"", ""odds"": 1.34, ""stake_pct"": 74.91, ""stake_amount"": 749.06}}"
2026-07-01 12:35 UTC,ARBITRAGE,tennis,Jakub Mensik vs Grigor Dimitrov,ATP Wimbledon,h2h,0.345,SURE,3.45,"{""Jakub Mensik"": {""bookmaker"": ""1xBet"", ""odds"": 1.58, ""stake_pct"": 63.51, ""stake_amount"": 635.1}, ""Grigor Dimitrov"": {""bookmaker"": ""BoyleSports"", ""odds"": 2.75, ""stake_pct"": 36.49, ""stake_amount"": 364.9}}"
2026-07-01 12:35 UTC,ARBITRAGE,tennis,Belinda Bencic vs Xinyu Wang,WTA Wimbledon,h2h,0.341,SURE,3.41,"{""Xinyu Wang"": {""bookmaker"": ""Casumo"", ""odds"": 3.75, ""stake_pct"": 26.76, ""stake_amount"": 267.58}, ""Belinda Bencic"": {""bookmaker"": ""Betfair"", ""odds"": 1.37, ""stake_pct"": 73.24, ""stake_amount"": 732.42}}"
2026-07-01 12:35 UTC,VALUE_BET,tennis,Dayana Yastremska vs Jessica Bouzas Maneiro,WTA Wimbledon,h2h,11.43,ALTA,26.21,Dayana Yastremska@2.09 (Pinnacle)
2026-07-01 12:35 UTC,VALUE_BET,tennis,Mariano Navone vs Flavio Cobolli,ATP Wimbledon,h2h,11.39,ALTA,13.25,Mariano Navone@3.15 (Smarkets)
2026-07-01 12:35 UTC,VALUE_BET,tennis,Kyrian Jacquet vs Alexander Bublik,ATP Wimbledon,h2h,8.88,ALTA,7.4,Kyrian Jacquet@4.0 (Matchbook)
2026-07-01 12:35 UTC,VALUE_BET,tennis,Kyrian Jacquet vs Alexander Bublik,ATP Wimbledon,h2h,8.88,ALTA,7.4,Kyrian Jacquet@4.0 (Betfair)
2026-07-01 12:35 UTC,VALUE_BET,tennis,Kyrian Jacquet vs Alexander Bublik,ATP Wimbledon,h2h,8.88,ALTA,7.4,Kyrian Jacquet@4.0 (Betfair)
2026-07-01 12:35 UTC,VALUE_BET,tennis,Dayana Yastremska vs Jessica Bouzas Maneiro,WTA Wimbledon,h2h,6.63,ALTA,16.57,Dayana Yastremska@2.0 (Betfair)
2026-07-01 12:35 UTC,VALUE_BET,tennis,Dayana Yastremska vs Jessica Bouzas Maneiro,WTA Wimbledon,h2h,6.63,ALTA,16.57,Dayana Yastremska@2.0 (William Hill)
2026-07-01 12:35 UTC,VALUE_BET,tennis,Nicolas Mejia vs Michael Zheng,ATP Wimbledon,h2h,6.38,ALTA,19.23,Michael Zheng@1.83 (Bet Victor)
2026-07-01 12:35 UTC,VALUE_BET,tennis,Aryna Sabalenka vs McCartney Kessler,WTA Wimbledon,totals,6.34,ALTA,8.61,Over 18.5@2.84 (Betsson)
2026-07-01 12:35 UTC,VALUE_BET,tennis,Mariano Navone vs Flavio Cobolli,ATP Wimbledon,h2h,6.09,ALTA,7.61,Mariano Navone@3.0 (Betclic (FR))
2026-07-01 12:35 UTC,VALUE_BET,tennis,Alejandro Davidovich Fokina vs Fabian Marozsan,ATP Wimbledon,spreads,5.78,BASSA,8.03,Fabian Marozsan (7.5)@2.8 (Casumo)
2026-07-01 12:35 UTC,VALUE_BET,tennis,Alejandro Davidovich Fokina vs Fabian Marozsan,ATP Wimbledon,spreads,5.78,BASSA,8.03,Fabian Marozsan (7.5)@2.8 (Unibet (NL))
2026-07-01 12:35 UTC,VALUE_BET,tennis,Alejandro Davidovich Fokina vs Fabian Marozsan,ATP Wimbledon,spreads,5.78,BASSA,8.03,Fabian Marozsan (7.5)@2.8 (Grosvenor)
2026-07-01 12:35 UTC,VALUE_BET,tennis,Frances Tiafoe vs Terence Atmane,ATP Wimbledon,totals,5.64,MEDIA,12.47,Under 42.5@2.13 (1xBet)
2026-07-01 12:35 UTC,VALUE_BET,tennis,Roman Safiullin vs Botic van de Zandschulp,ATP Wimbledon,h2h,5.58,ALTA,8.94,Botic van de Zandschulp@2.56 (Matchbook)
2026-07-01 19:59 UTC,ARBITRAGE,tennis,Brandon Nakashima vs Jan-Lennard Struff,ATP Wimbledon,h2h,9.351,SURE,93.51,"{""Brandon Nakashima"": {""bookmaker"": ""Betsson"", ""odds"": 1.67, ""stake_pct"": 66.06, ""stake_amount"": 660.57}, ""Jan-Lennard Struff"": {""bookmaker"": ""Betway"", ""odds"": 3.25, ""stake_pct"": 33.94, ""stake_amount"": 339.43}}"
2026-07-01 19:59 UTC,ARBITRAGE,tennis,Rafael Jodar vs Pablo Carreno Busta,ATP Wimbledon,h2h,5.242,SURE,52.42,"{""Pablo Carreno Busta"": {""bookmaker"": ""Betway"", ""odds"": 1.6, ""stake_pct"": 65.96, ""stake_amount"": 659.57}, ""Rafael Jodar"": {""bookmaker"": ""BoyleSports"", ""odds"": 3.1, ""stake_pct"": 34.04, ""stake_amount"": 340.43}}"
2026-07-01 19:59 UTC,ARBITRAGE,tennis,Jacob Fearnley vs Jaume Munar,ATP Wimbledon,h2h,2.529,SURE,25.29,"{""Jacob Fearnley"": {""bookmaker"": ""1xBet"", ""odds"": 2.5, ""stake_pct"": 41.04, ""stake_amount"": 410.38}, ""Jaume Munar"": {""bookmaker"": ""Betfair"", ""odds"": 1.74, ""stake_pct"": 58.96, ""stake_amount"": 589.62}}"
2026-07-01 19:59 UTC,ARBITRAGE,tennis,Alex de Minaur vs Adrian Mannarino,ATP Wimbledon,h2h,2.453,SURE,24.53,"{""Alex de Minaur"": {""bookmaker"": ""GTbets"", ""odds"": 1.26, ""stake_pct"": 81.36, ""stake_amount"": 813.61}, ""Adrian Mannarino"": {""bookmaker"": ""BoyleSports"", ""odds"": 5.5, ""stake_pct"": 18.64, ""stake_amount"": 186.39}}"
2026-07-01 19:59 UTC,ARBITRAGE,tennis,Belinda Bencic vs Anna Kalinskaya,WTA Wimbledon,h2h,0.877,SURE,8.77,"{""Anna Kalinskaya"": {""bookmaker"": ""Betway"", ""odds"": 3.0, ""stake_pct"": 33.63, ""stake_amount"": 336.28}, ""Belinda Bencic"": {""bookmaker"": ""1xBet"", ""odds"": 1.52, ""stake_pct"": 66.37, ""stake_amount"": 663.72}}"
2026-07-01 19:59 UTC,ARBITRAGE,tennis,Taylor Fritz vs Patrick Kypson,ATP Wimbledon,h2h,0.849,SURE,8.49,"{""Patrick Kypson"": {""bookmaker"": ""Smarkets"", ""odds"": 13.5, ""stake_pct"": 7.47, ""stake_amount"": 74.71}, ""Taylor Fritz"": {""bookmaker"": ""GTbets"", ""odds"": 1.09, ""stake_pct"": 92.53, ""stake_amount"": 925.29}}"
2026-07-01 19:59 UTC,ARBITRAGE,tennis,Daria Snigur vs Leolia Jeanjean,WTA Wimbledon,h2h,0.746,SURE,7.46,"{""Daria Snigur"": {""bookmaker"": ""GTbets"", ""odds"": 1.23, ""stake_pct"": 81.91, ""stake_amount"": 819.12}, ""Leolia Jeanjean"": {""bookmaker"": ""1xBet"", ""odds"": 5.57, ""stake_pct"": 18.09, ""stake_amount"": 180.88}}"
2026-07-01 19:59 UTC,ARBITRAGE,tennis,Stefanos Tsitsipas vs Novak Djokovic,ATP Wimbledon,h2h,0.63,SURE,6.3,"{""Stefanos Tsitsipas"": {""bookmaker"": ""Pinnacle"", ""odds"": 24.2, ""stake_pct"": 4.16, ""stake_amount"": 41.58}, ""Novak Djokovic"": {""bookmaker"": ""Tipico"", ""odds"": 1.05, ""stake_pct"": 95.84, ""stake_amount"": 958.42}}"
2026-07-01 19:59 UTC,ARBITRAGE,tennis,Daria Kasatkina vs Naomi Osaka,WTA Wimbledon,h2h,0.427,SURE,4.27,"{""Naomi Osaka"": {""bookmaker"": ""GTbets"", ""odds"": 1.27, ""stake_pct"": 79.08, ""stake_amount"": 790.77}, ""Daria Kasatkina"": {""bookmaker"": ""1xBet"", ""odds"": 4.8, ""stake_pct"": 20.92, ""stake_amount"": 209.23}}"
2026-07-01 19:59 UTC,VALUE_BET,soccer,Torino vs AC Milan,Serie A - Italy,h2h,17.28,ALTA,11.68,Torino@4.7 (Smarkets)
2026-07-01 19:59 UTC,VALUE_BET,soccer,Torino vs AC Milan,Serie A - Italy,h2h,16.03,ALTA,10.98,Torino@4.65 (1xBet)
2026-07-01 19:59 UTC,VALUE_BET,soccer,Torino vs AC Milan,Serie A - Italy,h2h,14.79,ALTA,10.27,Torino@4.6 (Tipico)
2026-07-01 19:59 UTC,VALUE_BET,soccer,Atalanta BC vs Sassuolo,Serie A - Italy,h2h,14.25,ALTA,8.91,Sassuolo@5.0 (BoyleSports)
2026-07-01 19:59 UTC,VALUE_BET,soccer,Torino vs AC Milan,Serie A - Italy,h2h,13.54,ALTA,9.53,Torino@4.55 (Marathon Bet)
2026-07-01 19:59 UTC,VALUE_BET,tennis,Rafael Jodar vs Pablo Carreno Busta,ATP Wimbledon,h2h,12.9,ALTA,15.36,Rafael Jodar@3.1 (BoyleSports)
2026-07-01 19:59 UTC,VALUE_BET,soccer,Torino vs AC Milan,Serie A - Italy,h2h,12.29,ALTA,8.78,Torino@4.5 (Sky Bet)
2026-07-01 19:59 UTC,VALUE_BET,soccer,Torino vs AC Milan,Serie A - Italy,h2h,12.29,ALTA,8.78,Torino@4.5 (Betfred (UK))
2026-07-01 19:59 UTC,VALUE_BET,tennis,Belinda Bencic vs Anna Kalinskaya,WTA Wimbledon,h2h,11.29,ALTA,14.12,Anna Kalinskaya@3.0 (Betway)
2026-07-01 19:59 UTC,VALUE_BET,tennis,Belinda Bencic vs Anna Kalinskaya,WTA Wimbledon,h2h,11.29,ALTA,14.12,Anna Kalinskaya@3.0 (Sky Bet)
2026-07-01 19:59 UTC,VALUE_BET,tennis,Brandon Nakashima vs Jan-Lennard Struff,ATP Wimbledon,h2h,10.45,ALTA,38.99,Brandon Nakashima@1.67 (Betsson)
2026-07-01 19:59 UTC,VALUE_BET,tennis,Brandon Nakashima vs Jan-Lennard Struff,ATP Wimbledon,h2h,10.05,ALTA,11.17,Jan-Lennard Struff@3.25 (Betway)
2026-07-01 19:59 UTC,VALUE_BET,tennis,Brandon Nakashima vs Jan-Lennard Struff,ATP Wimbledon,h2h,10.05,ALTA,11.17,Jan-Lennard Struff@3.25 (Coral)
2026-07-01 19:59 UTC,VALUE_BET,tennis,Brandon Nakashima vs Jan-Lennard Struff,ATP Wimbledon,h2h,10.05,ALTA,11.17,Jan-Lennard Struff@3.25 (Ladbrokes)
2026-07-01 19:59 UTC,VALUE_BET,soccer,Torino vs AC Milan,Serie A - Italy,h2h,9.8,ALTA,7.2,Torino@4.4 (Paddy Power)
2026-07-02 12:10 UTC,ARBITRAGE,tennis,Mariam Bolkvadze vs Ashlyn Krueger,WTA Wimbledon,h2h,8.132,SURE,81.32,"{""Ashlyn Krueger"": {""bookmaker"": ""Betfair"", ""odds"": 1.35, ""stake_pct"": 80.63, ""stake_amount"": 806.31}, ""Mariam Bolkvadze"": {""bookmaker"": ""Pinnacle"", ""odds"": 5.62, ""stake_pct"": 19.37, ""stake_amount"": 193.69}}"
2026-07-02 12:10 UTC,ARBITRAGE,tennis,Zizou Bergs vs Jaime Faria,ATP Wimbledon,h2h,7.95,SURE,79.5,"{""Zizou Bergs"": {""bookmaker"": ""BoyleSports"", ""odds"": 1.73, ""stake_pct"": 62.8, ""stake_amount"": 627.96}, ""Jaime Faria"": {""bookmaker"": ""Matchbook"", ""odds"": 2.92, ""stake_pct"": 37.2, ""stake_amount"": 372.04}}"
2026-07-02 12:10 UTC,ARBITRAGE,tennis,Diana Shnaider vs Liudmila Samsonova,WTA Wimbledon,h2h,5.627,SURE,56.27,"{""Diana Shnaider"": {""bookmaker"": ""Sky Bet"", ""odds"": 2.38, ""stake_pct"": 44.52, ""stake_amount"": 445.22}, ""Liudmila Samsonova"": {""bookmaker"": ""Smarkets"", ""odds"": 1.91, ""stake_pct"": 55.48, ""stake_amount"": 554.78}}"
2026-07-02 12:10 UTC,ARBITRAGE,tennis,Arthur Fery vs Otto Virtanen,ATP Wimbledon,h2h,4.134,SURE,41.34,"{""Otto Virtanen"": {""bookmaker"": ""Pinnacle"", ""odds"": 2.27, ""stake_pct"": 45.95, ""stake_amount"": 459.52}, ""Arthur Fery"": {""bookmaker"": ""Smarkets"", ""odds"": 1.93, ""stake_pct"": 54.05, ""stake_amount"": 540.48}}"
2026-07-02 12:10 UTC,ARBITRAGE,tennis,Jiri Lehecka vs Alex Molcan,ATP Wimbledon,h2h,3.333,SURE,33.33,"{""Alex Molcan"": {""bookmaker"": ""Betfair"", ""odds"": 6.0, ""stake_pct"": 17.24, ""stake_amount"": 172.41}, ""Jiri Lehecka"": {""bookmaker"": ""GTbets"", ""odds"": 1.25, ""stake_pct"": 82.76, ""stake_amount"": 827.59}}"
2026-07-02 12:10 UTC,ARBITRAGE,tennis,Alexandra Eala vs Maya Joint,WTA Wimbledon,h2h,2.072,SURE,20.72,"{""Maya Joint"": {""bookmaker"": ""Matchbook"", ""odds"": 4.9, ""stake_pct"": 20.84, ""stake_amount"": 208.4}, ""Alexandra Eala"": {""bookmaker"": ""Casumo"", ""odds"": 1.29, ""stake_pct"": 79.16, ""stake_amount"": 791.6}}"
2026-07-02 12:10 UTC,ARBITRAGE,tennis,Jacob Fearnley vs Jaume Munar,ATP Wimbledon,h2h,1.206,SURE,12.06,"{""Jaume Munar"": {""bookmaker"": ""Pinnacle"", ""odds"": 1.74, ""stake_pct"": 58.17, ""stake_amount"": 581.73}, ""Jacob Fearnley"": {""bookmaker"": ""Marathon Bet"", ""odds"": 2.42, ""stake_pct"": 41.83, ""stake_amount"": 418.27}}"
2026-07-02 12:10 UTC,ARBITRAGE,tennis,Elise Mertens vs Maria Timofeeva,WTA Wimbledon,h2h,1.142,SURE,11.42,"{""Elise Mertens"": {""bookmaker"": ""Matchbook"", ""odds"": 1.26, ""stake_pct"": 80.28, ""stake_amount"": 802.82}, ""Maria Timofeeva"": {""bookmaker"": ""1xBet"", ""odds"": 5.13, ""stake_pct"": 19.72, ""stake_amount"": 197.18}}"
2026-07-02 12:10 UTC,ARBITRAGE,tennis,Aryna Sabalenka vs Jelena Ostapenko,WTA Wimbledon,h2h,1.042,SURE,10.42,"{""Jelena Ostapenko"": {""bookmaker"": ""BoyleSports"", ""odds"": 4.8, ""stake_pct"": 21.05, ""stake_amount"": 210.53}, ""Aryna Sabalenka"": {""bookmaker"": ""Betfair"", ""odds"": 1.28, ""stake_pct"": 78.95, ""stake_amount"": 789.47}}"
2026-07-02 12:10 UTC,ARBITRAGE,tennis,Hubert Hurkacz vs Tommy Paul,ATP Wimbledon,h2h,0.875,SURE,8.75,"{""Hubert Hurkacz"": {""bookmaker"": ""Betfair"", ""odds"": 2.76, ""stake_pct"": 36.55, ""stake_amount"": 365.52}, ""Tommy Paul"": {""bookmaker"": ""GTbets"", ""odds"": 1.59, ""stake_pct"": 63.45, ""stake_amount"": 634.48}}"
2026-07-02 12:10 UTC,ARBITRAGE,tennis,Quentin Halys vs Marcos Giron,ATP Wimbledon,h2h,0.747,SURE,7.47,"{""Quentin Halys"": {""bookmaker"": ""Betfair"", ""odds"": 2.12, ""stake_pct"": 47.52, ""stake_amount"": 475.25}, ""Marcos Giron"": {""bookmaker"": ""GTbets"", ""odds"": 1.92, ""stake_pct"": 52.48, ""stake_amount"": 524.75}}"
2026-07-02 12:10 UTC,ARBITRAGE,soccer,Barcelona vs Athletic Bilbao,La Liga - Spain,totals,0.653,SURE,6.53,"{""Over 3.5"": {""bookmaker"": ""LeoVegas"", ""odds"": 2.18, ""stake_pct"": 46.17, ""stake_amount"": 461.73}, ""Under 3.5"": {""bookmaker"": ""1xBet"", ""odds"": 1.87, ""stake_pct"": 53.83, ""stake_amount"": 538.27}}"
2026-07-02 12:10 UTC,ARBITRAGE,tennis,Matteo Berrettini vs Arthur Fils,ATP Wimbledon,h2h,0.641,SURE,6.41,"{""Arthur Fils"": {""bookmaker"": ""Betfair"", ""odds"": 1.55, ""stake_pct"": 64.93, ""stake_amount"": 649.32}, ""Matteo Berrettini"": {""bookmaker"": ""1xBet"", ""odds"": 2.87, ""stake_pct"": 35.07, ""stake_amount"": 350.68}}"
2026-07-02 12:10 UTC,ARBITRAGE,tennis,Daria Kasatkina vs Naomi Osaka,WTA Wimbledon,h2h,0.427,SURE,4.27,"{""Naomi Osaka"": {""bookmaker"": ""GTbets"", ""odds"": 1.27, ""stake_pct"": 79.08, ""stake_amount"": 790.77}, ""Daria Kasatkina"": {""bookmaker"": ""Smarkets"", ""odds"": 4.8, ""stake_pct"": 20.92, ""stake_amount"": 209.23}}"
2026-07-02 12:10 UTC,ARBITRAGE,tennis,Kyrian Jacquet vs Alexander Bublik,ATP Wimbledon,h2h,0.35,SURE,3.5,"{""Kyrian Jacquet"": {""bookmaker"": ""Matchbook"", ""odds"": 4.4, ""stake_pct"": 22.81, ""stake_amount"": 228.07}, ""Alexander Bublik"": {""bookmaker"": ""1xBet"", ""odds"": 1.3, ""stake_pct"": 77.19, ""stake_amount"": 771.93}}"
2026-07-02 12:10 UTC,VALUE_BET,soccer,Espanyol vs Levante,La Liga - Spain,h2h,29.08,ALTA,22.51,Levante@4.23 (1xBet)
2026-07-02 12:10 UTC,VALUE_BET,soccer,Espanyol vs Levante,La Liga - Spain,h2h,28.17,ALTA,22.0,Levante@4.2 (Tipico)
2026-07-02 12:10 UTC,VALUE_BET,soccer,Espanyol vs Levante,La Liga - Spain,h2h,22.06,ALTA,18.39,Levante@4.0 (Betfred (UK))
2026-07-02 12:10 UTC,VALUE_BET,soccer,Espanyol vs Levante,La Liga - Spain,h2h,19.01,ALTA,16.39,Levante@3.9 (Sky Bet)
2026-07-02 12:10 UTC,VALUE_BET,soccer,Espanyol vs Levante,La Liga - Spain,h2h,15.96,ALTA,14.25,Levante@3.8 (Codere (IT))
2026-07-02 12:10 UTC,VALUE_BET,soccer,Espanyol vs Levante,La Liga - Spain,h2h,15.96,ALTA,14.25,Levante@3.8 (Paddy Power)
2026-07-02 12:10 UTC,VALUE_BET,tennis,Gabriel Diallo vs Lorenzo Sonego,ATP Wimbledon,h2h,15.52,ALTA,19.4,Gabriel Diallo@3.0 (Betway)
2026-07-02 12:10 UTC,VALUE_BET,tennis,Gabriel Diallo vs Lorenzo Sonego,ATP Wimbledon,h2h,14.38,ALTA,41.79,Lorenzo Sonego@1.86 (Matchbook)
2026-07-02 12:10 UTC,VALUE_BET,tennis,Taylor Fritz vs Patrick Kypson,ATP Wimbledon,spreads,13.25,ALTA,29.57,Patrick Kypson (9.5)@2.12 (Casumo)
2026-07-02 12:10 UTC,VALUE_BET,tennis,Taylor Fritz vs Patrick Kypson,ATP Wimbledon,spreads,13.25,ALTA,29.57,Patrick Kypson (9.5)@2.12 (Unibet (NL))
2026-07-02 12:10 UTC,VALUE_BET,tennis,Zizou Bergs vs Jaime Faria,ATP Wimbledon,h2h,12.58,ALTA,16.39,Jaime Faria@2.92 (Matchbook)
2026-07-02 12:10 UTC,VALUE_BET,soccer,Espanyol vs Levante,La Liga - Spain,h2h,11.38,ALTA,10.74,Levante@3.65 (LeoVegas)
2026-07-02 12:10 UTC,VALUE_BET,tennis,Gabriel Diallo vs Lorenzo Sonego,ATP Wimbledon,h2h,11.3,ALTA,34.88,Lorenzo Sonego@1.81 (Unibet (UK))
2026-07-02 12:10 UTC,VALUE_BET,tennis,Gabriel Diallo vs Lorenzo Sonego,ATP Wimbledon,h2h,10.07,ALTA,31.87,Lorenzo Sonego@1.79 (PMU (FR))
2026-07-02 12:10 UTC,VALUE_BET,soccer,Espanyol vs Levante,La Liga - Spain,h2h,9.86,ALTA,9.48,Levante@3.6 (Unibet (FR))
2026-07-02 19:28 UTC,ARBITRAGE,tennis,Felix Auger-Aliassime vs Michael Zheng,ATP Wimbledon,h2h,1.366,SURE,13.66,"{""Michael Zheng"": {""bookmaker"": ""BoyleSports"", ""odds"": 6.0, ""stake_pct"": 16.9, ""stake_amount"": 168.98}, ""Felix Auger-Aliassime"": {""bookmaker"": ""Sky Bet"", ""odds"": 1.22, ""stake_pct"": 83.1, ""stake_amount"": 831.02}}"
2026-07-02 19:28 UTC,ARBITRAGE,tennis,Taylor Fritz vs Lorenzo Sonego,ATP Wimbledon,h2h,1.261,SURE,12.61,"{""Lorenzo Sonego"": {""bookmaker"": ""Betfair"", ""odds"": 6.8, ""stake_pct"": 14.89, ""stake_amount"": 148.94}, ""Taylor Fritz"": {""bookmaker"": ""GTbets"", ""odds"": 1.19, ""stake_pct"": 85.11, ""stake_amount"": 851.06}}"
2026-07-02 19:28 UTC,ARBITRAGE,tennis,Jakub Mensik vs Grigor Dimitrov,ATP Wimbledon,h2h,1.235,SURE,12.35,"{""Jakub Mensik"": {""bookmaker"": ""Unibet (UK)"", ""odds"": 2.7, ""stake_pct"": 37.5, ""stake_amount"": 375.0}, ""Grigor Dimitrov"": {""bookmaker"": ""Matchbook"", ""odds"": 1.62, ""stake_pct"": 62.5, ""stake_amount"": 625.0}}"
2026-07-02 19:28 UTC,ARBITRAGE,soccer,Barcelona vs Athletic Bilbao,La Liga - Spain,totals,1.07,SURE,10.7,"{""Over 3.5"": {""bookmaker"": ""Tipico"", ""odds"": 2.2, ""stake_pct"": 45.95, ""stake_amount"": 459.46}, ""Under 3.5"": {""bookmaker"": ""1xBet"", ""odds"": 1.87, ""stake_pct"": 54.05, ""stake_amount"": 540.54}}"
2026-07-02 19:28 UTC,ARBITRAGE,tennis,Emma Navarro vs Marta Kostyuk,WTA Wimbledon,h2h,0.901,SURE,9.01,"{""Marta Kostyuk"": {""bookmaker"": ""1xBet"", ""odds"": 1.85, ""stake_pct"": 54.55, ""stake_amount"": 545.45}, ""Emma Navarro"": {""bookmaker"": ""Matchbook"", ""odds"": 2.22, ""stake_pct"": 45.45, ""stake_amount"": 454.55}}"
2026-07-02 19:28 UTC,ARBITRAGE,tennis,Daria Kasatkina vs Naomi Osaka,WTA Wimbledon,h2h,0.427,SURE,4.27,"{""Daria Kasatkina"": {""bookmaker"": ""Betfair"", ""odds"": 4.8, ""stake_pct"": 20.92, ""stake_amount"": 209.23}, ""Naomi Osaka"": {""bookmaker"": ""GTbets"", ""odds"": 1.27, ""stake_pct"": 79.08, ""stake_amount"": 790.77}}"
2026-07-02 19:28 UTC,VALUE_BET,tennis,Frances Tiafoe vs Jan Choinski,ATP Wimbledon,totals,34.6,ALTA,50.0,Under 39.5@1.95 (MyBookie.ag)
2026-07-02 19:28 UTC,VALUE_BET,soccer,Espanyol vs Levante,La Liga - Spain,h2h,29.0,ALTA,22.45,Levante@4.23 (1xBet)
2026-07-02 19:28 UTC,VALUE_BET,soccer,Espanyol vs Levante,La Liga - Spain,h2h,28.09,ALTA,21.94,Levante@4.2 (Tipico)
2026-07-02 19:28 UTC,VALUE_BET,tennis,Frances Tiafoe vs Jan Choinski,ATP Wimbledon,totals,23.55,ALTA,50.0,Under 39.5@1.79 (Casumo)
2026-07-02 19:28 UTC,VALUE_BET,soccer,Espanyol vs Levante,La Liga - Spain,h2h,15.89,ALTA,14.19,Levante@3.8 (Codere (IT))
2026-07-02 19:28 UTC,VALUE_BET,soccer,Espanyol vs Levante,La Liga - Spain,h2h,14.37,ALTA,13.06,Levante@3.75 (Betfred (UK))
2026-07-02 19:28 UTC,VALUE_BET,tennis,Frances Tiafoe vs Jan Choinski,ATP Wimbledon,spreads,14.28,ALTA,21.0,Jan Choinski (6.5)@2.7 (Unibet (NL))
2026-07-02 19:28 UTC,VALUE_BET,tennis,Frances Tiafoe vs Jan Choinski,ATP Wimbledon,spreads,14.28,ALTA,21.0,Jan Choinski (6.5)@2.7 (Grosvenor)
2026-07-02 19:28 UTC,VALUE_BET,soccer,Espanyol vs Levante,La Liga - Spain,h2h,12.84,ALTA,11.89,Levante@3.7 (Bet Victor)
2026-07-02 19:28 UTC,VALUE_BET,tennis,Frances Tiafoe vs Jan Choinski,ATP Wimbledon,spreads,12.62,ALTA,33.22,Frances Tiafoe (-6.5)@1.95 (MyBookie.ag)
2026-07-02 19:28 UTC,VALUE_BET,soccer,Espanyol vs Levante,La Liga - Spain,h2h,9.79,ALTA,9.41,Levante@3.6 (Paddy Power)
2026-07-02 19:28 UTC,VALUE_BET,soccer,Espanyol vs Levante,La Liga - Spain,h2h,9.79,ALTA,9.41,Levante@3.6 (Unibet (FR))
2026-07-02 19:28 UTC,VALUE_BET,soccer,Espanyol vs Levante,La Liga - Spain,h2h,9.79,ALTA,9.41,Levante@3.6 (Unibet (UK))
2026-07-02 19:28 UTC,VALUE_BET,soccer,Espanyol vs Levante,La Liga - Spain,h2h,9.79,ALTA,9.41,Levante@3.6 (Winamax (DE))
2026-07-02 19:28 UTC,VALUE_BET,soccer,Espanyol vs Levante,La Liga - Spain,h2h,9.79,ALTA,9.41,Levante@3.6 (Sky Bet)
